CustomerID,Name,Age,Gender,SubscriptionType,SubscriptionDate,LastLoginDate,TotalSessions,FeedbackScore,IsChurned
CUST0001,Lisa Sutton,21,Female,Yearly,2024-04-18,2026-04-10,41,8,0
CUST0002,Vanessa Smith,44,Other,Quarterly,2023-11-28,2026-04-29,50,2,1
CUST0003,Calvin Morrison,51,Male,Monthly,2025-05-20,2026-04-28,55,7,0
CUST0004,Nathan Sandoval,41,Female,Monthly,2024-02-17,2026-04-24,10,7,0
CUST0005,Rachel Moore,35,Other,Monthly,2025-11-20,2026-01-26,63,10,0
CUST0006,Melissa Cobb,36,Male,Quarterly,2023-12-31,2026-04-25,22,9,1
CUST0007,Tracy Rios,26,Male,Monthly,2024-05-18,2026-03-12,18,8,0
CUST0008,Sarah Robinson,21,Other,Quarterly,2023-09-05,2026-04-03,15,10,0
CUST0009,Marc Cochran,20,Female,Monthly,2025-11-21,2026-05-04,38,10,0
CUST0010,William Williams,37,Male,Yearly,2024-04-12,2026-05-08,31,6,0
CUST0011,Ellen Jones,48,Other,Monthly,2025-11-24,2026-03-25,62,8,0
CUST0012,Grace Peters,22,Female,Yearly,2025-11-05,2026-02-15,0,5,0
CUST0013,John Williams,44,Female,Monthly,2024-02-22,2026-02-25,42,1,1
CUST0014,Mark Walters,23,Female,Quarterly,2023-10-26,2026-04-23,49,10,1
CUST0015,Shelly Reid,56,Male,Monthly,2023-10-17,2026-02-02,73,6,1
CUST0016,Michael Wilkerson,48,Male,Monthly,2023-11-25,2026-03-23,39,7,0
CUST0017,Kathryn Hooper,47,Other,Quarterly,2025-11-17,2026-01-21,3,3,1
CUST0018,Margaret Luna,48,Other,Monthly,2023-12-26,2026-04-28,52,10,0
CUST0019,Eric Mcdaniel,49,Female,Quarterly,2024-01-05,2026-04-17,31,3,0
CUST0020,Julia Williams,31,Male,Monthly,2024-09-21,2026-03-19,12,10,0
CUST0021,George Walker,40,Other,Yearly,2024-06-14,2026-02-27,63,10,0
CUST0022,Michael Morrow,23,Other,Quarterly,2024-05-26,2026-05-04,9,2,0
CUST0023,Melinda Adams,57,Female,Monthly,2025-07-18,2026-02-13,77,7,0
CUST0024,Matthew Sellers Jr.,35,Male,Monthly,2025-07-25,2026-02-04,47,6,0
CUST0025,Robert Ortiz,20,Male,Quarterly,2024-01-16,2026-03-31,47,3,0
CUST0026,Randy Reyes,49,Male,Yearly,2025-09-03,2026-03-06,10,6,0
CUST0027,Joe Jones,28,Other,Yearly,2025-07-05,2026-03-21,71,8,0
CUST0028,William Warren,32,Female,Quarterly,2024-12-01,2026-04-04,26,7,0
CUST0029,Jason Thornton,20,Male,Yearly,2023-12-16,2026-04-12,42,1,0
CUST0030,Bill Washington MD,28,Female,Monthly,2024-07-25,2026-03-15,26,7,0
CUST0031,Arthur Barnes,39,Male,Monthly,2024-01-09,2026-02-11,62,5,0
CUST0032,Jesse Wilson,20,Female,Monthly,2026-02-04,2026-01-23,37,7,0
CUST0033,Kelly Callahan,42,Male,Monthly,2025-04-12,2026-05-04,27,4,1
CUST0034,Stacy Jones,48,Female,Monthly,2024-06-18,2026-02-28,68,8,0
CUST0035,Jane Reyes,27,Male,Quarterly,2025-03-10,2026-03-04,26,5,0
CUST0036,David Rivera,30,Male,Quarterly,2024-05-26,2026-03-10,38,3,1
CUST0037,Daniel Ellis,26,Male,Quarterly,2024-06-21,2026-02-20,6,4,0
CUST0038,Natasha Yang,22,Other,Yearly,2024-05-21,2026-05-04,43,6,1
CUST0039,Heidi Burgess,27,Other,Quarterly,2024-02-26,2026-05-06,79,3,1
CUST0040,Jessica Brown,20,Male,Yearly,2024-07-12,2026-04-23,31,6,0
CUST0041,Dawn Hayes,20,Female,Quarterly,2025-02-04,2026-02-19,71,7,1
CUST0042,Rachel Armstrong,43,Other,Quarterly,2026-02-02,2026-04-17,71,7,1
CUST0043,Randy Davidson,43,Female,Monthly,2026-02-26,2026-01-25,15,10,1
CUST0044,Nicholas Thompson,27,Male,Quarterly,2023-09-29,2026-04-30,33,1,1
CUST0045,Donna Washington,20,Female,Yearly,2024-05-16,2026-02-07,45,6,1
CUST0046,Adrian Weaver,60,Other,Yearly,2025-08-13,2026-03-13,5,3,0
CUST0047,Marissa Hodges,51,Other,Monthly,2024-08-30,2026-04-19,66,2,1
CUST0048,Steven Martinez,34,Male,Yearly,2024-04-11,2026-04-07,1,5,1
CUST0049,Michael Guzman,26,Female,Monthly,2023-09-04,2026-03-20,47,3,0
CUST0050,Christopher Welch,27,Other,Quarterly,2023-10-14,2026-02-10,18,5,0
CUST0051,Christina Baker,21,Male,Yearly,2025-09-20,2026-04-28,68,4,1
CUST0052,Eric Johns,50,Male,Quarterly,2024-02-10,2026-04-13,0,8,1
CUST0053,Stephen Rodriguez,24,Other,Yearly,2024-07-20,2026-03-09,16,6,0
CUST0054,Kelly Powell,47,Female,Quarterly,2026-03-02,2026-02-07,30,5,0
CUST0055,Angela King,41,Male,Monthly,2025-01-05,2026-03-26,44,5,0
CUST0056,Jacob Cain,23,Other,Monthly,2024-01-01,2026-05-06,6,5,0
CUST0057,Tracy Mccormick,42,Other,Monthly,2025-09-14,2026-02-09,18,6,0
CUST0058,Stephanie Sherman,45,Female,Quarterly,2024-12-15,2026-04-08,24,10,0
CUST0059,Kenneth Bentley,40,Female,Monthly,2024-02-02,2026-02-03,22,2,1
CUST0060,Melanie Kelley,43,Male,Yearly,2025-08-08,2026-03-01,71,3,1
CUST0061,Michael Dawson,42,Male,Yearly,2025-03-21,2026-01-10,25,6,0
CUST0062,John Martin,47,Female,Monthly,2024-08-16,2026-05-08,66,10,0
CUST0063,Crystal Rodriguez,58,Other,Yearly,2025-09-10,2026-02-03,57,2,1
CUST0064,Jenna Martin,43,Other,Monthly,2025-02-12,2026-02-02,77,7,1
CUST0065,Anna Jacobson,43,Female,Quarterly,2024-11-26,2026-03-01,50,6,0
CUST0066,Daniel Shelton,21,Female,Quarterly,2025-09-21,2026-02-27,38,10,1
CUST0067,Jason Rivera,56,Other,Quarterly,2025-07-02,2026-04-12,79,4,0
CUST0068,Matthew Smith,35,Other,Quarterly,2025-10-05,2026-03-02,80,9,0
CUST0069,Kristen Bailey,20,Male,Monthly,2024-10-14,2026-03-21,58,8,0
CUST0070,Amy Clark,57,Male,Quarterly,2025-09-09,2026-01-09,2,9,1
CUST0071,Willie Shelton,57,Female,Monthly,2025-08-28,2026-02-16,73,6,1
CUST0072,Lori Cruz,51,Male,Quarterly,2024-09-20,2026-03-15,6,9,0
CUST0073,Michael Castro,35,Male,Yearly,2025-11-09,2026-01-16,27,6,0
CUST0074,Leslie Navarro,41,Female,Monthly,2023-12-18,2026-05-01,36,9,0
CUST0075,Steven James,21,Male,Quarterly,2025-04-22,2026-01-10,76,6,0
CUST0076,Adam Weiss,24,Female,Monthly,2025-09-23,2026-04-14,34,8,0
CUST0077,Elizabeth Lopez,47,Other,Monthly,2025-01-07,2026-04-14,20,6,0
CUST0078,Donald Hurst,41,Male,Quarterly,2025-06-09,2026-04-12,43,8,0
CUST0079,Corey Watkins,32,Male,Quarterly,2025-03-29,2026-02-03,7,6,1
CUST0080,Christina Roman,51,Female,Monthly,2024-08-26,2026-02-19,55,5,0
CUST0081,Paula Williams,22,Female,Monthly,2024-12-21,2026-02-13,72,6,1
CUST0082,Fernando Cole,59,Female,Monthly,2025-08-09,2026-01-26,35,3,1
CUST0083,Riley Osborn,43,Other,Monthly,2025-12-30,2026-03-09,65,4,0
CUST0084,Brittany Kelley,51,Male,Monthly,2024-02-16,2026-03-09,70,4,1
CUST0085,Angela English,40,Male,Yearly,2025-08-17,2026-01-22,43,8,0
CUST0086,Shane Watson,37,Male,Monthly,2025-03-11,2026-04-11,6,4,1
CUST0087,James Hoffman,36,Female,Yearly,2025-04-10,2026-02-23,11,4,1
CUST0088,Angela Pace,29,Female,Monthly,2026-02-09,2026-03-26,54,8,0
CUST0089,Dr. Nicole Mendez,30,Other,Quarterly,2025-03-09,2026-05-07,9,7,1
CUST0090,Mark Kelly,58,Other,Monthly,2023-11-24,2026-05-04,60,3,0
CUST0091,Joseph Khan,41,Male,Monthly,2025-01-30,2026-03-26,47,8,0
CUST0092,Gerald Bradley,20,Male,Quarterly,2026-03-07,2026-01-10,28,4,1
CUST0093,William Jefferson,53,Female,Monthly,2023-10-07,2026-01-23,35,5,0
CUST0094,Patricia Snyder,47,Female,Quarterly,2023-09-06,2026-02-20,26,6,0
CUST0095,Claudia Williams,32,Female,Monthly,2026-01-20,2026-01-30,55,1,1
CUST0096,George Whitney,30,Male,Quarterly,2026-03-30,2026-02-14,27,6,0
CUST0097,Rachel Ellis,31,Female,Monthly,2024-08-03,2026-04-11,18,4,0
CUST0098,Robert Mullins,44,Female,Monthly,2024-07-24,2026-01-17,53,5,1
CUST0099,Jimmy Haynes,38,Other,Monthly,2024-08-05,2026-01-24,72,9,0
CUST0100,David Riley,30,Female,Monthly,2023-10-31,2026-02-25,46,1,1
CUST0101,Adam Solomon,23,Female,Quarterly,2024-12-08,2026-01-12,30,9,0
CUST0102,Jason Thompson,27,Male,Monthly,2024-04-26,2026-03-13,43,8,0
CUST0103,Lee Brown,58,Other,Quarterly,2025-10-10,2026-04-26,50,6,0
CUST0104,Angel Reeves,35,Other,Yearly,2024-12-25,2026-02-22,15,3,0
CUST0105,Aaron Mclaughlin,42,Other,Quarterly,2024-01-07,2026-03-25,24,2,0
CUST0106,Jason Rodriguez,51,Male,Quarterly,2024-11-19,2026-01-15,52,9,0
CUST0107,Joseph Burnett,21,Male,Monthly,2026-03-04,2026-03-08,77,10,0
CUST0108,Cassidy Graves,58,Male,Yearly,2024-10-08,2026-02-13,45,5,0
CUST0109,Brian Rodriguez,42,Male,Quarterly,2025-02-02,2026-01-29,75,8,0
CUST0110,Matthew Robinson,46,Other,Monthly,2025-12-27,2026-03-02,6,2,1
CUST0111,Sara Spencer,34,Female,Monthly,2024-05-08,2026-02-23,0,6,0
CUST0112,Janet Burns,36,Other,Quarterly,2026-01-20,2026-01-17,67,4,1
CUST0113,Joshua Kirk,52,Other,Quarterly,2025-08-28,2026-04-26,26,5,0
CUST0114,Gregory Huynh,24,Male,Monthly,2024-12-16,2026-03-16,3,9,1
CUST0115,Heather Vincent,50,Female,Yearly,2025-08-15,2026-03-13,10,9,0
CUST0116,Julie Moreno,31,Other,Yearly,2025-02-19,2026-04-11,65,3,1
CUST0117,Patricia Warner,35,Other,Monthly,2023-11-23,2026-03-15,78,1,1
CUST0118,Joseph Lopez MD,27,Male,Quarterly,2024-08-28,2026-04-06,31,10,0
CUST0119,Kimberly Hunter,41,Other,Quarterly,2025-11-13,2026-03-10,25,8,0
CUST0120,Joshua Knapp,23,Female,Monthly,2025-12-20,2026-01-16,57,2,1
CUST0121,Richard Ferguson,30,Other,Quarterly,2023-11-11,2026-03-11,49,2,0
CUST0122,Anna Martin,31,Female,Monthly,2024-07-11,2026-03-17,74,5,0
CUST0123,Christopher Black,52,Male,Monthly,2025-10-31,2026-03-08,16,9,1
CUST0124,Lindsay Martinez,27,Male,Monthly,2024-07-28,2026-04-05,6,9,0
CUST0125,Mrs. Brittany Flores DVM,20,Female,Monthly,2025-08-30,2026-03-05,37,1,1
CUST0126,Rachel Green,53,Male,Yearly,2024-04-26,2026-04-05,39,6,0
CUST0127,Mr. Devin Blanchard,51,Other,Monthly,2023-11-24,2026-01-19,52,7,0
CUST0128,Tamara Schultz,58,Other,Monthly,2025-07-21,2026-03-18,72,6,0
CUST0129,Juan Roberts,47,Female,Quarterly,2024-12-08,2026-04-26,11,2,1
CUST0130,Kevin Webb,33,Male,Monthly,2024-07-30,2026-04-27,2,7,0
CUST0131,Sheena Cochran,40,Other,Yearly,2023-12-12,2026-01-14,48,3,0
CUST0132,Donna Griffin,33,Female,Monthly,2025-12-17,2026-04-09,10,2,0
CUST0133,Brent Cox,56,Female,Monthly,2024-12-07,2026-02-28,55,5,0
CUST0134,Kim Colon,23,Other,Monthly,2024-11-22,2026-01-16,67,7,0
CUST0135,Curtis Guerrero,42,Female,Monthly,2024-02-21,2026-04-26,2,8,0
CUST0136,Miss Tammy Tran,38,Male,Quarterly,2024-07-07,2026-04-09,1,9,1
CUST0137,James Swanson,40,Female,Monthly,2024-08-23,2026-02-28,24,5,0
CUST0138,Daniel Adams,23,Female,Monthly,2025-11-25,2026-02-02,57,5,1
CUST0139,Thomas Allison,45,Male,Monthly,2023-10-03,2026-01-13,8,3,1
CUST0140,Diane Mccarty,44,Other,Monthly,2026-01-23,2026-03-30,3,8,0
CUST0141,Vincent Huber,36,Female,Yearly,2025-05-16,2026-03-25,69,8,0
CUST0142,James Webster DDS,52,Male,Monthly,2023-09-30,2026-03-07,41,6,0
CUST0143,Diana Williams,51,Male,Yearly,2024-07-29,2026-02-06,24,3,0
CUST0144,Ryan Williams,25,Male,Monthly,2025-07-30,2026-05-04,35,6,0
CUST0145,Kerry Holloway,41,Male,Quarterly,2025-02-16,2026-02-28,27,2,1
CUST0146,Debra Hickman,56,Female,Monthly,2025-09-28,2026-04-22,45,7,0
CUST0147,Heather Wright,55,Female,Monthly,2025-09-28,2026-03-14,48,8,0
CUST0148,Virginia Sheppard,48,Female,Yearly,2025-01-18,2026-02-19,9,8,1
CUST0149,Ryan Duffy,40,Male,Yearly,2024-02-15,2026-02-19,80,7,0
CUST0150,Timothy Turner,37,Female,Yearly,2023-11-15,2026-03-15,14,6,0
CUST0151,Sarah Monroe,38,Other,Yearly,2024-03-03,2026-05-02,72,4,0
CUST0152,Charles Holmes,56,Female,Quarterly,2023-12-05,2026-02-19,67,9,0
CUST0153,Ryan Anderson,59,Female,Quarterly,2023-09-03,2026-04-28,14,9,0
CUST0154,Gregory Torres,54,Female,Monthly,2025-07-24,2026-05-01,1,10,1
CUST0155,Andrew Allison,36,Female,Monthly,2025-12-19,2026-04-02,52,4,1
CUST0156,Christina Phelps,50,Female,Monthly,2023-12-09,2026-03-22,32,5,0
CUST0157,Carly Johnson,29,Female,Quarterly,2024-03-13,2026-01-09,40,10,0
CUST0158,Tonya Martin,45,Male,Monthly,2023-09-29,2026-02-03,6,7,0
CUST0159,Ralph Johnson,47,Female,Monthly,2024-12-25,2026-04-08,29,5,0
CUST0160,Lee Johnson,26,Male,Yearly,2024-08-15,2026-03-22,31,3,1
CUST0161,Michael Taylor,44,Other,Yearly,2025-12-08,2026-03-28,47,4,0
CUST0162,Rachel Salazar,33,Other,Monthly,2025-06-19,2026-02-03,70,7,0
CUST0163,Joseph Medina,52,Male,Quarterly,2026-01-21,2026-02-25,38,6,0
CUST0164,Jesus Miller,45,Female,Monthly,2025-10-17,2026-04-21,14,4,0
CUST0165,Donna Mcfarland,55,Other,Yearly,2025-06-16,2026-01-09,13,5,0
CUST0166,Stephen Jackson,52,Other,Monthly,2024-06-29,2026-03-25,41,10,0
CUST0167,Andrew Williams,44,Other,Yearly,2025-11-05,2026-02-25,28,7,1
CUST0168,Paul Hartman,44,Male,Monthly,2026-02-27,2026-03-27,80,10,1
CUST0169,Brendan Mayer,60,Male,Monthly,2025-03-25,2026-02-18,2,4,1
CUST0170,Debbie Diaz,55,Female,Yearly,2025-01-24,2026-04-09,65,4,1
CUST0171,Lori Cook,41,Female,Quarterly,2025-10-16,2026-02-10,53,1,1
CUST0172,Francisco Lawson,44,Male,Monthly,2025-09-11,2026-05-02,40,4,0
CUST0173,Brian Ortiz,20,Male,Quarterly,2025-03-08,2026-04-02,49,5,0
CUST0174,Robert Harris,23,Female,Monthly,2024-06-09,2026-02-02,78,10,1
CUST0175,Jonathon West,33,Other,Yearly,2024-11-13,2026-03-30,29,10,0
CUST0176,Margaret Mason,53,Female,Quarterly,2023-11-16,2026-04-23,70,6,0
CUST0177,Robert Gray,21,Female,Monthly,2024-08-02,2026-03-31,10,8,0
CUST0178,Mr. Michael Norton,26,Other,Yearly,2025-09-04,2026-03-09,62,2,0
CUST0179,Michael Murphy,18,Other,Quarterly,2025-03-11,2026-03-13,51,4,0
CUST0180,Justin Lee,18,Female,Monthly,2024-10-21,2026-01-17,56,1,1
CUST0181,Carla Matthews,34,Male,Quarterly,2025-06-20,2026-04-11,37,6,0
CUST0182,Matthew Cruz,45,Other,Monthly,2025-09-09,2026-02-02,24,8,0
CUST0183,Shannon Wilkinson,52,Female,Monthly,2024-02-28,2026-04-23,9,2,1
CUST0184,Rodney Ramos,28,Female,Quarterly,2024-03-27,2026-03-05,25,10,1
CUST0185,Connie Hughes,39,Other,Yearly,2024-10-09,2026-05-03,4,1,1
CUST0186,Leslie Gaines,18,Other,Quarterly,2024-04-28,2026-05-01,73,8,0
CUST0187,Olivia Morrow,20,Other,Quarterly,2024-08-12,2026-04-29,25,8,0
CUST0188,Jeremy Williams,35,Female,Monthly,2025-09-22,2026-04-16,74,5,0
CUST0189,Kimberly Davis,30,Male,Monthly,2024-07-25,2026-01-21,74,6,1
CUST0190,Jeremy Howe,21,Female,Quarterly,2025-03-17,2026-04-10,7,7,0
CUST0191,Randy Brady,21,Other,Monthly,2023-09-15,2026-01-18,14,1,0
CUST0192,Amanda Flores,21,Male,Yearly,2025-02-25,2026-01-28,31,3,0
CUST0193,Mr. Todd Howard,59,Other,Yearly,2024-12-19,2026-03-31,6,7,1
CUST0194,Cindy Nelson,37,Male,Quarterly,2026-03-26,2026-05-05,1,4,1
CUST0195,Brittany Mcmillan,29,Male,Monthly,2023-11-30,2026-03-07,73,6,0
CUST0196,Wesley Gonzales,30,Female,Monthly,2024-05-29,2026-02-26,61,10,0
CUST0197,Eric Smith,44,Other,Quarterly,2025-04-22,2026-02-03,8,9,0
CUST0198,Charles Goodman,50,Male,Quarterly,2025-04-18,2026-03-25,2,7,0
CUST0199,Michelle Murray,38,Female,Quarterly,2024-07-08,2026-01-09,20,6,1
CUST0200,Jessica Scott,38,Male,Monthly,2025-01-08,2026-01-20,78,9,0
CUST0201,Joseph Allen,24,Female,Yearly,2026-04-06,2026-02-24,2,3,1
CUST0202,Lee Andrews,26,Other,Yearly,2025-02-27,2026-01-22,8,1,1
CUST0203,Richard Chen,24,Other,Monthly,2025-10-31,2026-02-11,75,8,0
CUST0204,Dakota Medina,30,Other,Monthly,2025-09-11,2026-04-04,6,6,0
CUST0205,Thomas Graham,39,Female,Monthly,2025-02-05,2026-02-10,61,8,1
CUST0206,Jeffrey Mays,41,Male,Monthly,2025-10-03,2026-03-03,80,6,1
CUST0207,Alan Gonzalez,40,Male,Yearly,2023-09-04,2026-01-10,37,1,1
CUST0208,Tracy Thompson,51,Female,Yearly,2025-06-05,2026-01-13,27,5,0
CUST0209,Jerome Payne,39,Female,Monthly,2026-03-28,2026-04-24,42,6,0
CUST0210,Nathaniel Murray,58,Male,Yearly,2024-07-16,2026-03-01,72,7,0
CUST0211,Megan Sosa,49,Other,Monthly,2023-08-28,2026-05-04,69,5,0
CUST0212,Heidi Smith,59,Male,Monthly,2025-07-07,2026-02-01,71,8,1
CUST0213,Michael Johnson,27,Male,Yearly,2024-05-29,2026-04-02,5,1,1
CUST0214,Melissa Wall,49,Male,Monthly,2024-02-18,2026-03-15,57,9,0
CUST0215,Diana Wright,49,Male,Yearly,2025-04-05,2026-03-22,24,9,0
CUST0216,Olivia Bell,52,Male,Quarterly,2026-02-11,2026-05-08,28,7,0
CUST0217,Brandon Pace Jr.,27,Male,Quarterly,2024-01-22,2026-03-28,57,8,0
CUST0218,Lauren Smith,20,Female,Yearly,2025-09-29,2026-03-22,73,5,0
CUST0219,Dwayne Hayes,23,Female,Quarterly,2024-07-09,2026-04-07,58,5,0
CUST0220,John Martin,46,Female,Monthly,2025-10-09,2026-04-17,35,2,0
CUST0221,Sabrina Allison,52,Other,Yearly,2023-11-08,2026-04-10,66,2,0
CUST0222,Michelle Warner,44,Female,Monthly,2025-01-10,2026-02-18,7,2,0
CUST0223,Regina Stewart,49,Female,Monthly,2023-09-21,2026-04-17,57,7,1
CUST0224,Aaron Mcneil,39,Female,Monthly,2025-04-09,2026-02-09,65,5,0
CUST0225,Daniel Young,36,Other,Monthly,2024-08-30,2026-04-07,1,7,0
CUST0226,Marcus Rivera,42,Female,Yearly,2026-03-07,2026-03-20,15,8,0
CUST0227,Mark Mcgrath,36,Male,Yearly,2025-02-24,2026-03-26,48,10,0
CUST0228,Greg Taylor,49,Female,Monthly,2023-11-24,2026-01-22,37,10,1
CUST0229,Holly Moore,43,Female,Yearly,2025-08-08,2026-03-03,48,4,1
CUST0230,Erin Ramirez,35,Male,Monthly,2026-01-15,2026-04-04,45,8,0
CUST0231,Dr. Emily Murphy,53,Female,Yearly,2024-05-05,2026-02-21,2,2,1
CUST0232,John Cervantes,46,Female,Monthly,2024-09-22,2026-03-11,68,2,1
CUST0233,Regina Weber MD,43,Male,Quarterly,2025-05-22,2026-01-31,32,8,0
CUST0234,Brett Rogers,39,Other,Monthly,2025-05-02,2026-03-20,25,6,0
CUST0235,Phyllis Johnson,60,Other,Quarterly,2024-09-26,2026-04-30,48,3,1
CUST0236,Christopher Curtis,25,Female,Quarterly,2026-02-23,2026-01-28,34,10,1
CUST0237,Angela Lang,39,Female,Quarterly,2025-05-05,2026-02-02,15,3,0
CUST0238,Jessica Cunningham,51,Female,Monthly,2024-02-23,2026-03-02,18,9,0
CUST0239,Kevin Thomas,53,Other,Yearly,2025-08-23,2026-04-06,11,6,0
CUST0240,Dillon Davis,22,Male,Monthly,2023-10-20,2026-03-17,14,2,1
CUST0241,Adrienne Andrews,38,Female,Monthly,2025-05-21,2026-01-14,4,1,1
CUST0242,Peter Smith,34,Male,Monthly,2024-05-15,2026-04-13,28,8,0
CUST0243,Kevin Sandoval,26,Other,Monthly,2026-02-13,2026-03-07,25,6,0
CUST0244,Christina Burgess,21,Other,Monthly,2024-06-23,2026-04-14,56,9,0
CUST0245,Jennifer Silva,43,Other,Yearly,2024-01-10,2026-04-28,44,7,0
CUST0246,Victoria Rodriguez,57,Male,Quarterly,2024-10-13,2026-03-26,48,3,0
CUST0247,Joseph Rosales,36,Male,Monthly,2025-01-04,2026-04-04,28,9,0
CUST0248,Thomas Smith,39,Male,Monthly,2025-04-04,2026-03-13,9,6,0
CUST0249,John Blake,32,Male,Monthly,2025-05-11,2026-03-13,1,3,0
CUST0250,Kelli Woods,20,Other,Quarterly,2025-10-12,2026-02-21,72,5,1
CUST0251,Edwin Lutz,42,Male,Monthly,2023-11-08,2026-02-02,36,6,1
CUST0252,Jonathan Bailey,39,Female,Yearly,2024-08-16,2026-05-07,2,9,0
CUST0253,Debra Mckee,56,Male,Monthly,2023-11-23,2026-03-02,38,3,0
CUST0254,Paula Carroll,32,Male,Yearly,2024-07-04,2026-01-19,78,7,0
CUST0255,Laura Lewis,56,Male,Monthly,2024-01-12,2026-04-29,65,8,0
CUST0256,Laura Mcdaniel,32,Female,Monthly,2025-03-23,2026-04-25,44,2,1
CUST0257,Joshua Silva,60,Other,Quarterly,2025-02-18,2026-03-28,44,6,0
CUST0258,Jason Carter,45,Other,Monthly,2025-05-20,2026-03-25,19,4,1
CUST0259,Jessica Bush,32,Female,Yearly,2025-05-08,2026-04-08,32,3,0
CUST0260,James Torres,27,Male,Yearly,2025-11-21,2026-03-13,38,2,1
CUST0261,Stephen Daniels,51,Male,Yearly,2025-04-17,2026-02-09,79,4,0
CUST0262,Susan White,36,Other,Monthly,2024-08-17,2026-02-20,64,4,1
CUST0263,Joel Ruiz,49,Female,Monthly,2023-12-15,2026-01-14,31,5,0
CUST0264,Andre Blake,43,Other,Monthly,2025-03-10,2026-02-13,54,7,0
CUST0265,Jennifer Payne,45,Female,Quarterly,2024-07-15,2026-03-09,62,4,0
CUST0266,Brianna Torres MD,45,Male,Quarterly,2024-11-29,2026-02-10,5,5,1
CUST0267,Kelly Potter,18,Male,Yearly,2025-06-05,2026-03-11,44,9,0
CUST0268,Bruce Barnes,31,Female,Quarterly,2024-02-10,2026-02-09,10,10,0
CUST0269,Shawn Burnett,22,Other,Yearly,2023-08-20,2026-03-22,33,9,0
CUST0270,Stephanie Zimmerman,27,Other,Monthly,2024-04-07,2026-04-09,77,8,0
CUST0271,Savannah Hart,36,Female,Monthly,2025-12-21,2026-03-30,26,1,1
CUST0272,Keith Ramirez,43,Male,Monthly,2024-09-02,2026-03-18,34,2,0
CUST0273,Jean Smith,52,Female,Quarterly,2025-07-18,2026-03-12,27,3,1
CUST0274,John Kim,28,Male,Quarterly,2025-10-27,2026-01-27,8,5,0
CUST0275,Joshua Rhodes,27,Male,Quarterly,2025-07-26,2026-01-21,48,9,0
CUST0276,Ray Jimenez,24,Female,Quarterly,2025-09-16,2026-01-20,22,7,1
CUST0277,Laura Morris,51,Male,Monthly,2025-07-22,2026-01-13,79,3,1
CUST0278,Lance Porter,60,Other,Yearly,2025-01-15,2026-04-19,63,8,0
CUST0279,Valerie Wright,51,Female,Monthly,2024-07-14,2026-01-18,58,10,0
CUST0280,Thomas Delacruz,30,Female,Monthly,2024-02-13,2026-02-23,76,6,1
CUST0281,Laura Oneal,57,Male,Monthly,2023-10-19,2026-03-22,61,7,0
CUST0282,Jamie Ramirez,29,Other,Quarterly,2026-03-27,2026-04-28,55,10,0
CUST0283,William Henry,30,Male,Quarterly,2023-11-04,2026-04-02,31,10,0
CUST0284,Erika Blankenship,55,Male,Monthly,2023-10-26,2026-01-19,63,5,1
CUST0285,Samuel Valentine,29,Male,Quarterly,2024-09-30,2026-02-28,14,4,0
CUST0286,James Coffey,38,Other,Quarterly,2023-11-26,2026-03-29,66,10,0
CUST0287,Michael Gomez,36,Male,Monthly,2024-04-16,2026-02-25,57,1,1
CUST0288,Alexis Morrison,51,Male,Monthly,2023-09-02,2026-04-06,26,9,0
CUST0289,Dennis Grimes,33,Female,Monthly,2024-10-09,2026-03-22,21,1,0
CUST0290,Molly Kim,57,Female,Monthly,2024-11-18,2026-04-02,44,10,0
CUST0291,Sherri Mason,47,Female,Yearly,2024-11-08,2026-03-30,74,3,0
CUST0292,Christina Thornton,52,Female,Yearly,2024-10-22,2026-03-10,71,3,0
CUST0293,Alexandra Fields,42,Other,Monthly,2025-03-12,2026-03-16,68,7,1
CUST0294,Matthew Bailey,54,Female,Monthly,2025-10-30,2026-04-24,75,10,0
CUST0295,Scott Gibson,59,Male,Monthly,2025-07-16,2026-02-04,56,5,1
CUST0296,Sarah Perez,30,Other,Quarterly,2025-09-07,2026-04-06,8,6,0
CUST0297,Jackie Sherman,41,Other,Monthly,2025-05-28,2026-01-25,18,1,1
CUST0298,Richard Meyer,50,Male,Monthly,2024-01-19,2026-01-27,33,6,1
CUST0299,Johnathan Kelly,57,Male,Quarterly,2024-08-29,2026-03-15,33,4,0
CUST0300,Shannon Booker,21,Female,Yearly,2024-11-21,2026-01-15,41,10,0
CUST0301,Dwayne Baldwin,36,Other,Monthly,2025-05-05,2026-01-23,72,6,1
CUST0302,Ronald Davis,53,Male,Monthly,2025-02-15,2026-02-08,16,1,1
CUST0303,Lauren May,22,Other,Monthly,2024-07-02,2026-01-08,16,1,1
CUST0304,Andrew Edwards,57,Female,Quarterly,2023-09-12,2026-04-15,8,2,0
CUST0305,Robert Reynolds,39,Male,Yearly,2024-06-30,2026-03-06,47,8,0
CUST0306,William Rivers,33,Female,Monthly,2026-03-30,2026-02-27,55,7,1
CUST0307,Bradley Gill,42,Female,Monthly,2025-03-20,2026-04-17,9,2,0
CUST0308,Eric Holder,33,Female,Yearly,2025-08-29,2026-02-09,21,1,0
CUST0309,Nancy Robinson,34,Male,Yearly,2023-12-02,2026-04-17,74,10,0
CUST0310,Gregory Kim,49,Other,Monthly,2024-03-07,2026-04-27,9,1,0
CUST0311,Charles Stanton,43,Male,Monthly,2024-04-03,2026-03-16,77,10,0
CUST0312,Marco Black,47,Other,Quarterly,2026-04-02,2026-03-13,16,9,0
CUST0313,Jessica Roy,31,Female,Quarterly,2024-12-14,2026-01-10,62,4,1
CUST0314,Julie Marquez,52,Female,Monthly,2025-06-20,2026-01-16,65,2,0
CUST0315,Dawn George,42,Female,Monthly,2024-11-20,2026-03-08,62,6,1
CUST0316,Jeffery Thomas,44,Other,Quarterly,2025-07-27,2026-01-30,16,8,0
CUST0317,Amanda Ortiz,50,Male,Quarterly,2026-02-28,2026-04-12,17,9,0
CUST0318,Jennifer Barber,55,Male,Monthly,2024-01-18,2026-01-14,11,7,0
CUST0319,Suzanne Wilkinson,42,Other,Yearly,2025-02-17,2026-04-24,0,2,1
CUST0320,Adam Edwards,19,Female,Quarterly,2024-10-01,2026-01-26,28,8,0
CUST0321,John Bean,57,Male,Quarterly,2025-02-09,2026-04-04,28,9,0
CUST0322,Brandon Rivera,29,Other,Yearly,2023-09-04,2026-01-31,4,10,1
CUST0323,Jordan Huffman,23,Male,Monthly,2025-06-30,2026-02-13,18,1,1
CUST0324,Lawrence Hall,47,Female,Quarterly,2025-07-16,2026-04-28,78,6,0
CUST0325,Travis Taylor,39,Other,Monthly,2025-06-02,2026-04-25,10,6,0
CUST0326,James Goodwin,24,Female,Quarterly,2024-08-13,2026-01-13,55,2,1
CUST0327,Gregory Davis,54,Female,Monthly,2024-11-09,2026-04-09,22,2,0
CUST0328,Paul Lopez,53,Female,Monthly,2025-08-19,2026-01-14,47,4,0
CUST0329,Robert Reese,51,Male,Yearly,2023-12-21,2026-01-18,16,2,0
CUST0330,Pamela Anthony,43,Male,Monthly,2025-08-29,2026-05-02,71,3,0
CUST0331,Deanna Miller,28,Male,Monthly,2024-07-13,2026-03-06,50,5,0
CUST0332,Ashley Allen,34,Female,Monthly,2024-05-08,2026-04-24,79,9,0
CUST0333,Anthony Dodson,47,Male,Quarterly,2025-08-28,2026-05-06,32,3,0
CUST0334,Michelle Ruiz,53,Other,Monthly,2023-09-02,2026-04-26,9,6,1
CUST0335,Chad Stein,46,Male,Monthly,2024-11-13,2026-03-19,57,2,0
CUST0336,Heather Roberts,56,Male,Yearly,2026-02-13,2026-03-18,77,2,0
CUST0337,Denise Sullivan,25,Female,Monthly,2024-12-16,2026-03-16,61,2,1
CUST0338,Derrick Hooper,52,Male,Monthly,2026-02-24,2026-03-27,52,8,0
CUST0339,David Murphy,45,Other,Monthly,2025-08-08,2026-02-27,38,6,1
CUST0340,Alisha Porter,21,Male,Monthly,2024-11-27,2026-02-18,69,9,0
CUST0341,Michael Berry,45,Male,Yearly,2025-11-16,2026-01-15,49,1,1
CUST0342,Michael Nelson,22,Female,Monthly,2025-10-29,2026-03-27,71,8,0
CUST0343,Laura Greene,42,Male,Monthly,2024-09-07,2026-03-24,38,4,0
CUST0344,Alexander Brown,24,Other,Monthly,2026-03-18,2026-04-01,14,6,0
CUST0345,Mark Medina,22,Male,Monthly,2025-03-15,2026-02-06,13,9,0
CUST0346,Nancy Mejia,36,Female,Monthly,2025-11-26,2026-01-23,16,5,0
CUST0347,Terry Stewart III,48,Female,Monthly,2025-12-09,2026-03-03,33,4,0
CUST0348,Jessica Harrison,52,Other,Monthly,2024-03-25,2026-03-05,5,9,0
CUST0349,Jeffrey Ball,47,Female,Monthly,2024-07-12,2026-03-11,33,7,0
CUST0350,Jonathan Sanders,53,Female,Monthly,2024-11-16,2026-02-16,50,4,1
CUST0351,James Rogers,32,Other,Yearly,2025-04-27,2026-02-26,71,9,0
CUST0352,John Jackson,26,Other,Quarterly,2023-08-14,2026-01-31,2,4,1
CUST0353,Daniel Morrison,25,Female,Monthly,2024-08-25,2026-01-30,46,4,1
CUST0354,Michael Miller,42,Female,Monthly,2023-10-12,2026-03-13,55,2,1
CUST0355,Brandy Jones,41,Other,Quarterly,2024-01-28,2026-01-28,56,9,0
CUST0356,Sandra Ray,24,Other,Quarterly,2023-09-06,2026-03-04,36,7,0
CUST0357,Lauren Thompson,25,Other,Monthly,2025-08-14,2026-03-13,53,7,0
CUST0358,Joshua Lopez,51,Male,Monthly,2024-12-08,2026-01-30,63,3,1
CUST0359,Matthew Cameron,24,Other,Monthly,2024-02-19,2026-01-28,15,7,0
CUST0360,Daniel Fischer,23,Other,Monthly,2025-03-31,2026-02-22,60,9,0
CUST0361,Jennifer Green,32,Other,Monthly,2023-12-30,2026-01-12,32,4,1
CUST0362,Denise Alexander,32,Male,Monthly,2024-12-19,2026-02-04,36,1,0
CUST0363,Derek Collins,33,Other,Monthly,2024-02-05,2026-02-07,39,1,0
CUST0364,Jennifer Allen,26,Male,Quarterly,2023-12-17,2026-03-29,37,7,0
CUST0365,Jacob Torres,32,Female,Monthly,2025-03-24,2026-03-09,40,7,1
CUST0366,Kimberly Gonzales,38,Male,Yearly,2024-05-13,2026-04-05,45,7,0
CUST0367,Jeremy Burke,28,Other,Monthly,2025-05-19,2026-04-10,4,8,0
CUST0368,Brianna Powell,32,Female,Yearly,2026-03-31,2026-04-03,8,8,0
CUST0369,Nicholas Huynh PhD,55,Other,Yearly,2025-08-09,2026-02-08,56,8,0
CUST0370,Heather Hudson,53,Other,Monthly,2023-12-03,2026-04-04,71,7,0
CUST0371,Erica Fleming,20,Male,Quarterly,2024-02-20,2026-05-04,13,2,0
CUST0372,Samantha Gonzales,36,Other,Yearly,2025-02-23,2026-02-13,49,10,0
CUST0373,Edwin Wyatt DVM,60,Other,Yearly,2024-11-18,2026-03-26,60,5,0
CUST0374,Joshua Smith,36,Female,Monthly,2024-10-12,2026-01-27,3,10,1
CUST0375,Kristina Dunn,50,Other,Quarterly,2024-11-04,2026-04-11,53,9,0
CUST0376,Timothy Hayes,31,Other,Monthly,2025-06-29,2026-05-06,64,3,0
CUST0377,Diana Wagner,54,Female,Monthly,2025-03-27,2026-01-10,5,8,1
CUST0378,Maureen Holmes,56,Other,Quarterly,2024-02-09,2026-01-17,39,9,0
CUST0379,Angelica Hebert,36,Male,Monthly,2025-12-05,2026-04-21,57,2,1
CUST0380,Jonathan Johnson,20,Female,Quarterly,2024-01-26,2026-03-19,0,1,0
CUST0381,Selena Parker,58,Female,Quarterly,2025-04-30,2026-02-15,9,10,0
CUST0382,Jennifer Conley,49,Other,Yearly,2023-10-14,2026-02-19,60,8,0
CUST0383,Todd Turner,25,Other,Monthly,2026-02-25,2026-04-12,16,7,0
CUST0384,Melanie Wallace,36,Male,Monthly,2024-01-15,2026-01-23,61,3,1
CUST0385,April White,45,Female,Quarterly,2024-06-18,2026-03-10,73,4,0
CUST0386,Jessica Thomas,24,Male,Monthly,2026-01-21,2026-05-02,10,8,0
CUST0387,Kevin Williams,54,Other,Monthly,2024-11-04,2026-03-25,52,7,0
CUST0388,Aaron Dunn,32,Male,Monthly,2023-11-01,2026-04-13,71,8,0
CUST0389,Katherine Smith,60,Other,Monthly,2023-12-05,2026-04-26,30,6,1
CUST0390,Tyler Huynh,48,Male,Quarterly,2024-06-07,2026-03-18,17,8,0
CUST0391,Jose Cook,54,Other,Yearly,2023-09-23,2026-02-26,77,4,1
CUST0392,Nicholas Paul,54,Other,Quarterly,2023-10-01,2026-03-26,62,5,0
CUST0393,Angela Ramirez,44,Female,Quarterly,2025-07-12,2026-04-05,32,6,0
CUST0394,Lauren Weiss,40,Male,Yearly,2025-10-07,2026-04-04,14,1,0
CUST0395,Mr. Timothy Martin Jr.,42,Male,Monthly,2025-03-26,2026-05-08,1,7,0
CUST0396,Theresa Lambert,29,Male,Monthly,2024-04-30,2026-02-21,71,9,1
CUST0397,Alexis Reyes,49,Male,Monthly,2024-10-07,2026-03-30,31,4,1
CUST0398,Barbara Banks,47,Female,Monthly,2025-08-08,2026-04-06,42,8,0
CUST0399,James Archer,31,Male,Yearly,2024-12-03,2026-02-10,34,9,0
CUST0400,Andrew Thompson,22,Male,Quarterly,2024-10-28,2026-02-12,32,1,1
CUST0401,Trevor Robbins,54,Female,Quarterly,2024-06-29,2026-02-09,63,1,1
CUST0402,Kathleen Wade,25,Other,Monthly,2024-01-20,2026-03-18,76,1,1
CUST0403,Ebony Johnson,19,Male,Quarterly,2023-12-04,2026-03-12,71,6,0
CUST0404,Mr. Charles Kennedy,31,Female,Yearly,2025-01-11,2026-01-29,16,6,0
CUST0405,Lisa Hooper,52,Other,Quarterly,2026-01-16,2026-01-25,80,10,1
CUST0406,Tyler Davis,36,Other,Quarterly,2025-03-04,2026-03-12,56,2,0
CUST0407,Charles Schwartz,49,Male,Quarterly,2023-11-06,2026-02-05,59,1,1
CUST0408,Matthew West,35,Male,Yearly,2025-02-22,2026-04-07,18,4,0
CUST0409,Ryan Holt,52,Female,Monthly,2025-10-14,2026-01-21,30,3,1
CUST0410,Kathleen Jimenez,22,Male,Monthly,2025-01-28,2026-03-11,22,5,0
CUST0411,Mr. Jacob Norris,30,Male,Quarterly,2025-08-19,2026-03-05,29,6,0
CUST0412,Crystal Lewis,39,Other,Monthly,2024-10-28,2026-02-08,54,10,1
CUST0413,Diana Shepard,36,Female,Quarterly,2024-05-03,2026-02-14,71,6,0
CUST0414,Ashley Hall,37,Male,Quarterly,2025-06-13,2026-03-05,78,9,0
CUST0415,Justin Brown,18,Other,Quarterly,2024-01-19,2026-04-30,26,7,0
CUST0416,Angela Carpenter,29,Male,Monthly,2024-10-06,2026-02-21,9,2,1
CUST0417,Jeffrey Johnson,58,Male,Monthly,2025-04-01,2026-03-13,63,1,0
CUST0418,Joel Walker,48,Other,Monthly,2026-01-01,2026-05-08,55,5,0
CUST0419,Amber Braun,40,Other,Monthly,2024-02-04,2026-03-15,7,8,0
CUST0420,David Hernandez,39,Other,Monthly,2024-05-28,2026-02-01,68,6,0
CUST0421,Curtis Rocha,55,Female,Monthly,2025-04-14,2026-04-14,46,5,1
CUST0422,Michael Howell,26,Other,Monthly,2024-12-19,2026-02-02,49,9,1
CUST0423,Kara Robinson,42,Other,Quarterly,2024-12-13,2026-01-29,15,9,0
CUST0424,Justin Moore PhD,55,Other,Yearly,2024-04-27,2026-02-18,0,6,0
CUST0425,Lisa Smith,55,Male,Quarterly,2024-02-17,2026-01-09,10,10,0
CUST0426,Karen Haynes,58,Female,Yearly,2023-10-19,2026-03-03,32,3,0
CUST0427,Juan Sawyer,54,Other,Monthly,2024-12-19,2026-02-12,69,2,1
CUST0428,Dana Barrera,28,Female,Monthly,2024-07-11,2026-02-12,56,4,1
CUST0429,Dennis Mendez,18,Other,Quarterly,2025-11-05,2026-04-18,18,3,0
CUST0430,Donald Lucas,52,Other,Monthly,2024-09-18,2026-03-10,18,7,0
CUST0431,Russell Lee,54,Other,Monthly,2026-03-13,2026-03-02,69,5,1
CUST0432,Christine Smith,20,Female,Monthly,2026-02-11,2026-02-06,73,8,0
CUST0433,George Hill,45,Female,Monthly,2025-11-20,2026-04-04,39,6,0
CUST0434,Lindsey Lopez,34,Female,Monthly,2024-12-14,2026-03-25,40,8,1
CUST0435,Joanne Barker,51,Female,Yearly,2026-02-06,2026-04-07,41,7,0
CUST0436,Arthur Morgan,28,Female,Monthly,2024-04-06,2026-02-01,19,9,0
CUST0437,Christopher Reed,44,Female,Monthly,2025-12-03,2026-04-26,39,9,0
CUST0438,Meghan Miller,56,Male,Monthly,2025-05-29,2026-03-17,23,10,0
CUST0439,Elizabeth Petersen,60,Other,Quarterly,2024-04-26,2026-03-19,24,5,0
CUST0440,Megan Jimenez,43,Female,Yearly,2025-02-02,2026-05-03,17,2,1
CUST0441,Andrea Murphy,27,Male,Monthly,2025-05-20,2026-04-30,14,10,1
CUST0442,Donna Lewis,53,Other,Monthly,2024-07-22,2026-04-19,41,3,0
CUST0443,John Carlson,53,Other,Quarterly,2026-02-05,2026-02-12,13,8,1
CUST0444,Brittany Foley,42,Other,Quarterly,2025-11-26,2026-03-13,34,10,0
CUST0445,Patricia Miller,52,Male,Monthly,2025-04-29,2026-05-08,38,10,0
CUST0446,Kevin Velez,46,Other,Quarterly,2025-06-14,2026-01-13,5,5,0
CUST0447,David Guzman,50,Male,Quarterly,2026-01-28,2026-03-09,18,1,0
CUST0448,Christine Bishop,53,Other,Monthly,2026-01-17,2026-03-02,27,5,0
CUST0449,Pamela Ryan,21,Female,Monthly,2024-07-21,2026-02-18,43,6,0
CUST0450,Heather Hernandez,42,Female,Monthly,2025-12-12,2026-03-29,3,4,1
CUST0451,Joshua Wu,23,Female,Yearly,2025-03-17,2026-01-28,3,9,1
CUST0452,Michael Frank,55,Other,Yearly,2024-08-10,2026-04-06,46,1,0
CUST0453,Savannah Rogers,50,Male,Quarterly,2024-05-03,2026-04-01,33,1,0
CUST0454,Charles Cooper,48,Female,Monthly,2026-02-07,2026-03-08,76,3,0
CUST0455,Sharon Coleman,35,Other,Yearly,2026-02-25,2026-01-30,44,8,1
CUST0456,Jenny Fuentes,35,Other,Monthly,2023-08-24,2026-02-11,35,5,1
CUST0457,Barry Fleming,54,Male,Quarterly,2024-11-20,2026-04-24,1,9,1
CUST0458,Lindsey Hicks,54,Other,Monthly,2025-07-01,2026-04-16,51,1,0
CUST0459,Lynn Gentry,44,Other,Quarterly,2024-12-25,2026-02-17,3,2,1
CUST0460,Michael Matthews,40,Other,Monthly,2026-03-09,2026-05-05,19,5,0
CUST0461,Catherine Torres,22,Female,Monthly,2025-02-14,2026-01-16,65,6,0
CUST0462,Janice Gardner,18,Male,Monthly,2025-04-23,2026-04-09,79,7,1
CUST0463,Samuel Barnes,31,Female,Monthly,2025-10-30,2026-01-12,42,5,0
CUST0464,Jody Jones,51,Other,Quarterly,2024-10-16,2026-02-18,68,2,1
CUST0465,Marie Williams,40,Male,Yearly,2024-01-24,2026-04-12,4,3,0
CUST0466,Kayla Gregory,53,Other,Monthly,2026-01-16,2026-03-06,51,7,1
CUST0467,Kelly Snyder,34,Female,Quarterly,2025-06-12,2026-03-15,61,4,0
CUST0468,Amanda Patrick,22,Male,Quarterly,2023-11-17,2026-02-18,39,6,0
CUST0469,Ryan Adams,43,Other,Quarterly,2024-09-23,2026-02-19,38,10,0
CUST0470,William Mitchell,49,Male,Monthly,2023-08-27,2026-03-28,73,4,0
CUST0471,Sergio Davenport,38,Female,Yearly,2023-10-18,2026-02-05,67,10,1
CUST0472,Shane Frederick,20,Other,Monthly,2025-09-26,2026-02-16,7,1,1
CUST0473,James Gonzales,20,Other,Monthly,2024-06-18,2026-04-30,62,5,0
CUST0474,Jonathan Riley,30,Male,Monthly,2024-08-15,2026-04-15,50,3,1
CUST0475,Barbara Jones,41,Other,Monthly,2025-02-14,2026-02-14,42,8,1
CUST0476,John Irwin,59,Female,Quarterly,2024-05-06,2026-04-13,12,3,1
CUST0477,Eric Jackson,29,Female,Monthly,2024-02-16,2026-01-20,1,5,0
CUST0478,Amanda Mckay,34,Male,Monthly,2023-08-22,2026-03-03,30,7,1
CUST0479,James Khan,35,Other,Monthly,2023-12-23,2026-04-20,17,9,0
CUST0480,Andrew Watson,36,Male,Monthly,2024-01-16,2026-02-28,35,9,0
CUST0481,Erica Jackson,28,Female,Monthly,2024-12-30,2026-01-26,35,7,0
CUST0482,Mark Pham,39,Other,Yearly,2025-12-02,2026-03-03,65,10,1
CUST0483,Rachel Price,24,Female,Monthly,2025-04-20,2026-04-19,6,10,1
CUST0484,Rebecca Bowen,47,Female,Monthly,2024-06-24,2026-04-05,0,6,0
CUST0485,Jared Malone,47,Female,Monthly,2025-08-28,2026-01-19,27,7,0
CUST0486,Jennifer Rios,44,Other,Monthly,2024-01-15,2026-02-10,25,2,0
CUST0487,Brittany Skinner,28,Male,Yearly,2025-11-24,2026-03-22,75,9,0
CUST0488,John Thompson,25,Other,Monthly,2024-01-22,2026-03-28,62,7,1
CUST0489,Aaron Smith,54,Other,Monthly,2024-04-05,2026-04-24,17,7,1
CUST0490,Dr. Robert Hebert,45,Female,Quarterly,2025-04-17,2026-03-20,7,3,0
CUST0491,Lisa Coleman,29,Female,Monthly,2024-08-09,2026-02-14,11,5,0
CUST0492,Taylor Parker,41,Male,Monthly,2026-03-29,2026-02-27,65,7,0
CUST0493,Kenneth Hanna,46,Female,Quarterly,2023-10-30,2026-02-15,7,8,0
CUST0494,William Bailey,36,Male,Quarterly,2023-12-21,2026-03-01,9,1,0
CUST0495,Kendra Rodriguez,39,Male,Monthly,2024-06-05,2026-01-17,20,5,1
CUST0496,Sara Strong,59,Other,Yearly,2025-02-26,2026-01-28,50,7,1
CUST0497,Gina Thomas,34,Male,Quarterly,2023-11-24,2026-03-29,32,7,0
CUST0498,Jessica Moody,56,Female,Quarterly,2024-12-17,2026-01-21,5,4,0
CUST0499,David Sutton,22,Other,Monthly,2024-08-17,2026-04-30,25,10,0
CUST0500,Diane English,30,Other,Monthly,2023-11-30,2026-03-21,31,9,0
CUST0501,Sarah Ellis,28,Female,Quarterly,2023-09-13,2026-04-19,45,4,1
CUST0502,Sara Gibson,38,Other,Yearly,2026-03-28,2026-02-14,13,1,0
CUST0503,Alicia Evans,34,Female,Yearly,2025-07-08,2026-01-12,53,7,1
CUST0504,William Porter,33,Male,Yearly,2023-12-30,2026-02-18,28,5,1
CUST0505,Mark Gibson,29,Other,Monthly,2024-05-03,2026-05-05,23,2,1
CUST0506,Patricia Johnson,29,Male,Monthly,2025-07-17,2026-01-10,32,5,0
CUST0507,Bobby Franklin,45,Male,Monthly,2024-11-22,2026-02-14,42,2,1
CUST0508,Wyatt Lopez,26,Other,Yearly,2025-06-06,2026-04-23,6,10,0
CUST0509,Noah Castro DVM,56,Other,Yearly,2025-12-02,2026-03-15,75,1,0
CUST0510,Logan Duke,26,Male,Yearly,2025-07-31,2026-02-09,29,9,0
CUST0511,Marilyn Mann,45,Other,Monthly,2023-10-02,2026-05-05,78,10,0
CUST0512,Stephanie Clark,25,Female,Monthly,2025-06-05,2026-04-21,13,10,0
CUST0513,Alicia Wilson,56,Female,Quarterly,2025-01-04,2026-03-09,41,3,1
CUST0514,Aaron Jackson,35,Other,Yearly,2024-09-29,2026-02-12,62,8,0
CUST0515,Jamie Perez,51,Male,Monthly,2024-02-10,2026-03-13,58,6,0
CUST0516,Chris Reyes,38,Male,Monthly,2024-06-05,2026-03-27,68,1,0
CUST0517,Stephanie Wallace,46,Other,Quarterly,2026-02-01,2026-03-25,39,1,1
CUST0518,Emily Estrada,35,Other,Quarterly,2024-09-16,2026-01-10,33,8,0
CUST0519,John Rivera,35,Female,Monthly,2023-10-27,2026-03-15,41,10,0
CUST0520,Travis Hooper,60,Female,Quarterly,2025-03-15,2026-05-08,78,5,0
CUST0521,Thomas Rosario,34,Male,Monthly,2025-11-28,2026-04-29,39,6,1
CUST0522,Jacob Graves,21,Other,Monthly,2024-07-10,2026-05-04,70,9,0
CUST0523,Travis Beck MD,34,Other,Monthly,2025-10-27,2026-04-19,39,8,0
CUST0524,Johnny Myers,38,Female,Quarterly,2025-11-30,2026-01-29,39,9,0
CUST0525,Gregory Turner,41,Female,Yearly,2026-03-19,2026-01-12,24,3,1
CUST0526,Karen Hunt,22,Other,Quarterly,2024-09-19,2026-03-27,58,1,1
CUST0527,Margaret Clark,37,Other,Yearly,2024-03-16,2026-04-30,77,8,0
CUST0528,James James,33,Male,Quarterly,2026-02-08,2026-01-22,76,2,0
CUST0529,Alexis Alvarez,52,Other,Quarterly,2025-07-20,2026-05-03,78,8,0
CUST0530,Jeremiah Hall,57,Male,Quarterly,2024-10-24,2026-04-28,73,3,0
CUST0531,Ronald Kennedy,41,Female,Monthly,2025-07-30,2026-01-21,58,9,0
CUST0532,Daniel Allen,38,Male,Monthly,2024-08-15,2026-05-04,8,7,0
CUST0533,Brian Patel,32,Other,Yearly,2026-04-05,2026-04-27,5,2,1
CUST0534,Jeffrey Vargas,34,Female,Monthly,2025-01-25,2026-01-16,56,3,1
CUST0535,Robert Jenkins,56,Other,Monthly,2023-10-22,2026-01-25,48,5,0
CUST0536,Troy Torres,40,Male,Quarterly,2024-01-12,2026-02-11,75,6,0
CUST0537,Mindy Brown,23,Male,Quarterly,2025-05-17,2026-03-26,76,3,0
CUST0538,Catherine Alexander,31,Male,Monthly,2025-09-06,2026-01-22,80,2,1
CUST0539,Angel Jackson,59,Female,Quarterly,2025-01-04,2026-03-28,30,10,0
CUST0540,Oscar Marquez,50,Female,Monthly,2024-06-16,2026-02-03,69,6,1
CUST0541,Randy Anderson,45,Female,Yearly,2025-06-29,2026-03-30,34,6,0
CUST0542,Matthew Nguyen,40,Male,Quarterly,2024-09-22,2026-04-18,11,6,0
CUST0543,Amanda Hebert,38,Female,Quarterly,2025-02-05,2026-04-16,68,9,0
CUST0544,Jenna Dennis,35,Other,Yearly,2024-10-12,2026-02-12,22,6,1
CUST0545,Shannon Johnson,31,Other,Monthly,2025-01-07,2026-02-06,70,7,1
CUST0546,Michael Kim,18,Female,Quarterly,2023-09-29,2026-05-04,80,2,0
CUST0547,Heidi Diaz,29,Other,Quarterly,2023-11-14,2026-02-23,29,3,1
CUST0548,Whitney Martin,51,Male,Quarterly,2023-08-15,2026-02-28,68,8,1
CUST0549,Edward Williams,35,Female,Monthly,2024-05-26,2026-01-30,33,5,0
CUST0550,Tina Harris,54,Female,Yearly,2024-03-18,2026-01-30,73,1,1
CUST0551,Arthur Tran,43,Other,Quarterly,2024-03-11,2026-04-30,77,8,0
CUST0552,Susan Johnson,36,Female,Quarterly,2026-02-23,2026-05-07,45,2,1
CUST0553,Joshua Davila,22,Male,Yearly,2023-11-11,2026-04-25,4,1,0
CUST0554,Barbara Valdez,49,Other,Monthly,2025-10-18,2026-05-07,57,3,0
CUST0555,Alfred Russo,44,Male,Quarterly,2025-12-23,2026-04-14,12,5,0
CUST0556,Amy Wilson,60,Other,Quarterly,2025-02-16,2026-02-08,49,6,0
CUST0557,Mark Vang,41,Female,Yearly,2025-07-18,2026-03-08,70,9,0
CUST0558,James Aguilar,20,Male,Monthly,2025-11-07,2026-02-09,12,2,1
CUST0559,Amy Leblanc,49,Other,Yearly,2025-12-22,2026-04-27,55,8,0
CUST0560,Justin Miller,38,Other,Monthly,2024-04-02,2026-02-20,37,6,1
CUST0561,Barbara Hampton,40,Male,Monthly,2025-11-09,2026-03-31,34,5,1
CUST0562,Michael Love,44,Male,Quarterly,2026-04-06,2026-03-18,14,8,0
CUST0563,Steven Bender,58,Other,Yearly,2025-07-06,2026-01-18,49,1,0
CUST0564,Matthew Boone,48,Female,Monthly,2024-09-12,2026-04-20,70,3,0
CUST0565,Lauren Jones,59,Female,Quarterly,2025-05-11,2026-05-02,61,3,1
CUST0566,Theodore Peterson,34,Female,Monthly,2023-10-02,2026-04-15,3,8,0
CUST0567,Heather Garner,59,Other,Monthly,2023-10-09,2026-03-30,8,9,0
CUST0568,Heather Ortiz,57,Female,Monthly,2024-06-24,2026-01-19,14,6,1
CUST0569,Ryan Cook,60,Other,Monthly,2023-11-04,2026-03-29,14,7,0
CUST0570,Jeffrey Mcintosh,57,Other,Quarterly,2025-04-09,2026-02-20,74,7,1
CUST0571,Travis Smith,39,Other,Monthly,2025-10-02,2026-02-20,72,4,1
CUST0572,Jennifer Meyer,18,Male,Quarterly,2024-04-03,2026-04-15,71,2,1
CUST0573,Steven Taylor,59,Female,Monthly,2025-10-20,2026-03-10,56,6,0
CUST0574,Gerald Arellano,19,Female,Monthly,2023-11-03,2026-04-05,28,7,1
CUST0575,Rachel Glass,47,Other,Monthly,2024-03-22,2026-01-09,35,9,0
CUST0576,Jasmine Murphy,57,Male,Monthly,2025-03-10,2026-03-20,47,8,0
CUST0577,James Alvarado,43,Female,Monthly,2024-05-14,2026-01-24,15,8,1
CUST0578,David Wade,39,Male,Monthly,2023-11-12,2026-02-10,8,6,1
CUST0579,Maria Lewis,24,Male,Quarterly,2025-03-09,2026-02-27,67,9,0
CUST0580,Kimberly Singleton,18,Male,Quarterly,2025-04-05,2026-04-27,35,2,1
CUST0581,Valerie Cummings,44,Female,Monthly,2023-11-01,2026-05-04,26,5,0
CUST0582,Marcus Ramirez,36,Female,Monthly,2026-02-04,2026-02-09,6,2,1
CUST0583,Diana Tran,60,Female,Quarterly,2024-09-04,2026-03-05,25,6,0
CUST0584,Tanner Sanchez,35,Other,Quarterly,2024-05-29,2026-02-15,2,5,0
CUST0585,Troy Ruiz,47,Female,Monthly,2023-09-09,2026-05-07,50,6,0
CUST0586,Belinda Garrett,58,Other,Monthly,2025-06-25,2026-04-12,48,6,1
CUST0587,Matthew Gardner,37,Male,Quarterly,2025-08-18,2026-01-15,17,8,0
CUST0588,Mary Walters,55,Male,Monthly,2025-03-18,2026-02-18,56,5,0
CUST0589,Joshua Turner,18,Other,Quarterly,2025-10-01,2026-05-04,53,1,1
CUST0590,Mary Gentry,43,Male,Monthly,2025-05-02,2026-03-21,26,5,0
CUST0591,Jessica Clay,30,Female,Quarterly,2026-02-01,2026-02-18,65,2,0
CUST0592,Miss Rhonda Rodriguez,44,Male,Quarterly,2025-03-16,2026-03-28,62,8,0
CUST0593,Nathaniel Roth,22,Other,Monthly,2025-01-02,2026-04-04,48,2,1
CUST0594,Laura Russo,46,Other,Monthly,2026-03-18,2026-03-14,27,9,0
CUST0595,Thomas Long,19,Male,Monthly,2023-08-25,2026-01-10,68,2,1
CUST0596,Joseph Abbott,34,Male,Monthly,2025-10-07,2026-03-10,36,6,0
CUST0597,William Silva,54,Male,Monthly,2025-12-05,2026-01-19,76,10,1
CUST0598,Nancy Cameron,18,Female,Quarterly,2024-04-14,2026-03-27,59,1,1
CUST0599,Jeffrey Jackson,19,Other,Monthly,2025-01-15,2026-02-17,47,7,1
CUST0600,Anthony Griffin,28,Female,Monthly,2024-11-10,2026-03-24,11,10,0
CUST0601,Lisa Myers,54,Male,Quarterly,2026-02-08,2026-01-19,72,1,1
CUST0602,Christopher Summers,37,Other,Monthly,2024-07-04,2026-01-08,8,7,0
CUST0603,Nicholas Reynolds,43,Male,Monthly,2025-01-01,2026-03-17,34,4,0
CUST0604,Eddie Gross,21,Other,Monthly,2023-12-30,2026-02-15,36,6,1
CUST0605,Nicole Anderson,28,Male,Yearly,2024-06-10,2026-01-25,33,10,0
CUST0606,Erika Dawson,22,Other,Quarterly,2024-09-22,2026-05-01,79,10,0
CUST0607,Lauren Nolan,26,Other,Quarterly,2024-07-31,2026-03-10,50,2,0
CUST0608,Mary King,46,Female,Monthly,2026-03-11,2026-01-24,76,4,0
CUST0609,Kara Barnes,28,Female,Quarterly,2024-02-01,2026-01-16,22,10,0
CUST0610,Joel Padilla,59,Other,Quarterly,2024-12-03,2026-03-15,51,8,0
CUST0611,Scott Oconnor,24,Female,Monthly,2025-06-08,2026-04-19,46,8,1
CUST0612,Mrs. Lynn Pearson,27,Female,Monthly,2026-03-10,2026-02-28,5,2,1
CUST0613,Amber Wilson,49,Other,Monthly,2024-03-26,2026-04-21,32,9,0
CUST0614,Ashley Martinez,50,Female,Monthly,2025-06-02,2026-03-27,2,2,1
CUST0615,George Dougherty,51,Other,Quarterly,2026-02-17,2026-05-08,69,4,1
CUST0616,Brady Gomez,26,Female,Quarterly,2026-03-16,2026-02-24,15,6,0
CUST0617,Jason Larson,31,Male,Yearly,2023-09-28,2026-01-29,29,9,0
CUST0618,Barry Stafford,27,Male,Monthly,2024-12-11,2026-02-07,15,1,1
CUST0619,Michael Porter,31,Female,Quarterly,2024-05-22,2026-02-13,25,9,0
CUST0620,Jennifer Sanders,21,Female,Monthly,2025-08-26,2026-01-24,78,6,1
CUST0621,Pamela Kelly,24,Other,Quarterly,2025-04-28,2026-02-19,52,8,1
CUST0622,Lisa Foster,53,Female,Quarterly,2024-10-02,2026-02-06,15,7,0
CUST0623,Joshua Lawson,46,Male,Yearly,2025-03-10,2026-02-19,31,5,0
CUST0624,Stacy Hughes,55,Male,Monthly,2024-12-24,2026-03-22,53,4,1
CUST0625,Kelli Mendoza,44,Other,Monthly,2024-05-23,2026-01-21,65,3,0
CUST0626,Michael Miller,29,Male,Quarterly,2023-10-17,2026-03-01,42,6,0
CUST0627,Jennifer Smith,26,Female,Yearly,2024-12-02,2026-02-18,28,6,0
CUST0628,Robert Ryan,44,Other,Yearly,2026-02-05,2026-02-21,77,8,0
CUST0629,Christine Dorsey,30,Female,Monthly,2025-06-04,2026-04-08,46,5,0
CUST0630,Holly Adams,49,Male,Monthly,2024-02-14,2026-05-03,6,2,1
CUST0631,Alexandra Hicks,27,Male,Monthly,2023-11-13,2026-04-19,75,7,0
CUST0632,Crystal White,27,Male,Quarterly,2024-05-12,2026-02-19,21,1,0
CUST0633,George Howard,33,Other,Quarterly,2023-12-07,2026-04-05,71,9,0
CUST0634,Sarah Burton,47,Female,Yearly,2024-07-08,2026-03-21,37,6,0
CUST0635,Miss Amber Conrad,28,Other,Quarterly,2024-09-19,2026-04-17,46,8,1
CUST0636,Michael Russell,19,Other,Yearly,2025-03-11,2026-03-20,60,10,0
CUST0637,Jennifer Phelps,41,Female,Monthly,2024-03-07,2026-03-14,33,6,1
CUST0638,Stephen Nelson,20,Female,Monthly,2023-11-27,2026-04-07,42,4,0
CUST0639,Dwayne Bailey,18,Female,Quarterly,2025-09-04,2026-04-26,6,7,0
CUST0640,Michael Pierce,38,Female,Monthly,2024-09-10,2026-04-01,29,2,0
CUST0641,Peter Simpson,18,Female,Quarterly,2025-12-26,2026-04-13,7,4,1
CUST0642,Derek Dawson,45,Female,Quarterly,2025-12-16,2026-02-14,11,5,1
CUST0643,Stephanie Frazier,45,Male,Monthly,2024-07-09,2026-03-14,43,5,0
CUST0644,Brittany Miller,28,Female,Yearly,2024-10-26,2026-01-19,40,10,0
CUST0645,Benjamin Heath,20,Female,Yearly,2024-01-25,2026-03-23,55,5,0
CUST0646,Lisa Jensen,58,Other,Monthly,2025-08-05,2026-03-30,63,3,1
CUST0647,Jared Taylor,21,Female,Monthly,2023-12-26,2026-03-18,32,6,1
CUST0648,Elizabeth Mckenzie,27,Male,Quarterly,2024-04-22,2026-01-18,21,4,0
CUST0649,Charles Smith,60,Female,Quarterly,2025-01-26,2026-05-02,29,10,0
CUST0650,Anna Fuentes,57,Male,Quarterly,2023-11-22,2026-04-11,80,9,0
CUST0651,Madison Lamb,40,Male,Monthly,2024-01-20,2026-03-27,12,2,0
CUST0652,Bruce Thompson,25,Other,Monthly,2025-09-29,2026-03-07,36,10,1
CUST0653,Allison King,39,Male,Monthly,2026-03-06,2026-04-21,20,9,0
CUST0654,Craig Perez,35,Female,Yearly,2025-03-31,2026-02-09,12,9,0
CUST0655,Michael Woods,25,Male,Monthly,2025-12-09,2026-05-03,75,3,0
CUST0656,Michele Hodge,31,Other,Monthly,2026-01-27,2026-03-12,19,8,1
CUST0657,Eric Smith,27,Male,Monthly,2025-07-15,2026-04-10,59,5,1
CUST0658,David Lopez,29,Male,Monthly,2025-10-09,2026-02-03,28,3,1
CUST0659,Bryan King,24,Male,Yearly,2025-12-10,2026-05-07,29,6,0
CUST0660,David Orozco,18,Female,Monthly,2025-05-10,2026-01-08,49,8,1
CUST0661,Vanessa Gibson,18,Other,Yearly,2025-10-22,2026-01-26,65,6,0
CUST0662,Paula Spencer,25,Male,Monthly,2025-01-06,2026-02-04,53,5,1
CUST0663,Marcia Lewis,27,Female,Quarterly,2024-02-14,2026-02-02,44,5,0
CUST0664,Christopher Erickson,20,Other,Monthly,2024-03-28,2026-01-24,79,7,1
CUST0665,Stephanie Curtis,25,Female,Monthly,2025-09-04,2026-01-13,13,10,0
CUST0666,Nicholas Ortega DVM,55,Male,Quarterly,2023-10-18,2026-03-10,1,8,0
CUST0667,Joshua Cooper,55,Female,Monthly,2024-10-01,2026-02-20,67,4,1
CUST0668,Catherine Petersen,53,Female,Quarterly,2025-05-05,2026-01-30,50,5,1
CUST0669,Shawn Austin,41,Other,Monthly,2024-03-20,2026-04-09,6,1,1
CUST0670,Gina Cruz,48,Female,Monthly,2025-07-02,2026-03-16,35,10,0
CUST0671,Tonya Olson,31,Other,Yearly,2023-10-14,2026-04-19,1,3,1
CUST0672,William Walker,29,Other,Monthly,2025-07-16,2026-02-07,17,4,1
CUST0673,Amanda Anderson,38,Female,Quarterly,2025-06-16,2026-02-16,68,10,0
CUST0674,Lawrence Heath,52,Female,Yearly,2024-02-21,2026-02-10,73,4,1
CUST0675,Sarah Brown,20,Female,Yearly,2024-04-13,2026-04-21,67,5,1
CUST0676,Timothy Hernandez,38,Other,Monthly,2023-12-27,2026-02-11,59,1,1
CUST0677,Kirsten Young,35,Male,Monthly,2026-02-25,2026-02-19,3,3,1
CUST0678,Gregory Dalton,52,Female,Monthly,2025-05-21,2026-05-08,6,1,0
CUST0679,John Holloway,19,Other,Yearly,2025-09-24,2026-01-11,80,1,1
CUST0680,Holly Buckley,53,Male,Quarterly,2025-01-12,2026-04-05,18,2,1
CUST0681,Robert Case,56,Other,Yearly,2025-11-02,2026-02-21,23,10,0
CUST0682,Crystal Hunter,47,Other,Monthly,2025-04-24,2026-02-12,65,5,1
CUST0683,Tyler Hammond,20,Female,Monthly,2024-09-17,2026-03-31,14,4,1
CUST0684,Paul Sanchez,43,Male,Yearly,2026-01-02,2026-03-19,17,1,0
CUST0685,Tanya Lindsey,40,Male,Quarterly,2025-07-19,2026-01-11,27,10,1
CUST0686,Terrance Beck,33,Female,Monthly,2024-07-09,2026-01-16,30,1,0
CUST0687,Sharon Martinez,34,Female,Monthly,2025-04-24,2026-04-16,14,9,0
CUST0688,John Lowery,45,Female,Monthly,2025-07-25,2026-03-01,57,10,0
CUST0689,Diana Graham,40,Male,Quarterly,2024-03-22,2026-03-28,27,7,0
CUST0690,Geoffrey Prince,45,Other,Yearly,2026-04-08,2026-03-19,69,6,0
CUST0691,Mr. Carl Hopkins,60,Other,Monthly,2023-12-03,2026-03-26,26,5,0
CUST0692,Laura Wade,50,Other,Monthly,2025-08-13,2026-01-15,12,6,1
CUST0693,Theresa Sanchez,45,Male,Monthly,2023-11-12,2026-02-18,12,7,1
CUST0694,Donald Hawkins,40,Female,Monthly,2024-07-30,2026-02-08,69,9,0
CUST0695,Jeffrey Tran,38,Female,Quarterly,2024-05-29,2026-02-17,27,3,0
CUST0696,Antonio Jackson,20,Other,Monthly,2026-02-28,2026-01-09,37,5,1
CUST0697,Henry Smith,59,Male,Monthly,2025-07-22,2026-04-25,30,3,0
CUST0698,John Taylor,26,Female,Monthly,2025-11-14,2026-02-13,29,6,0
CUST0699,Cristina Moore,40,Female,Monthly,2025-06-11,2026-03-15,60,2,1
CUST0700,Scott Rodriguez,27,Other,Quarterly,2025-10-09,2026-02-26,9,2,0
CUST0701,Lori Lawrence,60,Female,Monthly,2024-08-17,2026-04-26,45,4,0
CUST0702,Valerie Williams,25,Male,Yearly,2023-08-17,2026-02-27,74,8,0
CUST0703,Kathy Castro,36,Other,Monthly,2023-11-28,2026-04-21,80,5,1
CUST0704,Benjamin White,36,Female,Monthly,2025-04-05,2026-02-27,21,7,0
CUST0705,Chelsea Mcdowell,31,Other,Monthly,2025-05-21,2026-02-17,77,4,1
CUST0706,Crystal Johnson,43,Female,Monthly,2025-11-30,2026-04-03,32,10,0
CUST0707,Elizabeth Acosta,56,Male,Monthly,2025-11-20,2026-04-09,74,7,1
CUST0708,Rachel Middleton,28,Other,Monthly,2024-05-07,2026-04-23,15,7,0
CUST0709,Michael Shea DVM,23,Male,Monthly,2026-01-13,2026-02-25,59,4,1
CUST0710,Krystal Duncan,26,Female,Quarterly,2025-07-12,2026-03-08,28,3,1
CUST0711,Kristin Lopez,38,Male,Monthly,2024-07-16,2026-02-12,15,10,0
CUST0712,Kevin Brown,39,Male,Monthly,2025-07-07,2026-02-24,61,7,0
CUST0713,Steve Holloway,30,Male,Quarterly,2025-12-26,2026-03-30,27,4,0
CUST0714,Jeffrey Mendez,33,Other,Quarterly,2024-08-11,2026-02-23,60,5,0
CUST0715,Anthony Schmitt,23,Other,Quarterly,2024-09-12,2026-02-06,14,10,1
CUST0716,Daniel Savage,55,Male,Quarterly,2026-01-11,2026-03-12,11,7,1
CUST0717,David Schneider,46,Other,Yearly,2024-10-01,2026-03-30,53,7,0
CUST0718,Christopher Todd,21,Other,Quarterly,2023-11-27,2026-03-10,45,10,0
CUST0719,Michelle Singh,37,Male,Yearly,2026-03-08,2026-01-11,26,1,1
CUST0720,Matthew Spears,45,Male,Monthly,2024-12-25,2026-02-20,24,7,0
CUST0721,Jacob Estrada,46,Female,Yearly,2025-02-12,2026-04-17,36,1,1
CUST0722,Jeffrey Clark,29,Male,Quarterly,2025-11-30,2026-01-17,12,4,0
CUST0723,Jennifer Davis,31,Other,Yearly,2025-02-02,2026-02-23,22,3,0
CUST0724,Christopher Charles,32,Other,Monthly,2026-03-12,2026-03-13,50,8,0
CUST0725,Donald Jones,51,Male,Monthly,2025-08-04,2026-04-03,37,6,0
CUST0726,Devon Jones,22,Female,Quarterly,2024-06-09,2026-03-03,45,9,0
CUST0727,Jessica Ortiz,50,Other,Monthly,2024-05-06,2026-01-26,55,9,0
CUST0728,Lawrence Sharp,53,Male,Monthly,2023-08-16,2026-02-13,51,2,1
CUST0729,Maria Thomas,45,Other,Monthly,2026-01-15,2026-02-06,65,5,1
CUST0730,Erik Jones,57,Male,Yearly,2025-12-03,2026-03-20,55,7,0
CUST0731,Jennifer Smith,45,Female,Quarterly,2026-03-21,2026-01-21,72,4,1
CUST0732,Kevin Jackson,29,Female,Monthly,2024-04-10,2026-03-04,78,9,0
CUST0733,Denise Pena,19,Other,Monthly,2024-11-22,2026-05-06,80,2,1
CUST0734,Angela Mckee,55,Female,Quarterly,2025-09-21,2026-05-08,62,9,0
CUST0735,Michelle Martinez,57,Other,Monthly,2024-11-05,2026-02-12,58,3,0
CUST0736,Tina Johnson,46,Female,Quarterly,2025-03-24,2026-02-17,13,3,1
CUST0737,Phillip Newton,23,Other,Monthly,2024-04-02,2026-05-08,74,9,0
CUST0738,Paul Flores,39,Other,Monthly,2023-12-26,2026-01-20,18,5,0
CUST0739,Amy Murray,53,Male,Quarterly,2025-09-22,2026-01-13,43,5,0
CUST0740,Michael Peterson,20,Male,Monthly,2025-01-01,2026-03-24,4,9,1
CUST0741,Erica Pugh,27,Other,Monthly,2023-12-06,2026-05-08,48,10,0
CUST0742,Matthew Lopez,37,Female,Quarterly,2025-03-13,2026-05-04,28,8,0
CUST0743,Maria Mitchell,59,Female,Quarterly,2023-10-31,2026-04-20,25,7,0
CUST0744,Jeffrey Arnold,35,Female,Monthly,2024-07-20,2026-03-04,9,2,1
CUST0745,Kayla Mcgee,35,Other,Quarterly,2024-12-20,2026-03-02,50,5,0
CUST0746,Mr. Robert Brooks,58,Male,Yearly,2025-02-27,2026-02-01,67,8,0
CUST0747,Christopher Anderson,26,Other,Monthly,2023-12-13,2026-05-04,2,2,1
CUST0748,Michael Levine,50,Male,Monthly,2024-01-01,2026-04-13,25,10,0
CUST0749,Jeffrey Wilson,27,Female,Quarterly,2024-07-14,2026-02-02,39,1,1
CUST0750,Ashley Travis,32,Female,Monthly,2024-08-29,2026-04-23,13,9,0
CUST0751,Warren Acevedo,23,Male,Quarterly,2024-01-17,2026-02-03,62,1,1
CUST0752,Ann Roy,23,Male,Monthly,2025-05-12,2026-04-16,51,6,0
CUST0753,Paula Ball,46,Male,Monthly,2023-12-29,2026-02-16,51,6,0
CUST0754,Jeffrey Perez,20,Male,Monthly,2024-01-09,2026-03-11,31,6,0
CUST0755,Rebecca Barr,59,Male,Yearly,2023-09-13,2026-04-01,66,9,0
CUST0756,Kyle Huff,47,Other,Yearly,2025-06-21,2026-01-24,17,7,1
CUST0757,Angela Wheeler,54,Other,Monthly,2026-01-18,2026-02-02,33,5,0
CUST0758,Justin Green,52,Female,Quarterly,2025-12-24,2026-05-04,28,6,0
CUST0759,Nathaniel Armstrong,23,Female,Yearly,2025-02-18,2026-01-25,47,6,0
CUST0760,Brianna Moore,33,Female,Monthly,2025-09-13,2026-05-01,40,10,1
CUST0761,Elizabeth Mccann,43,Female,Monthly,2025-02-27,2026-02-25,25,2,0
CUST0762,David Fletcher,34,Other,Monthly,2024-01-05,2026-05-01,17,10,0
CUST0763,Mary Chavez,38,Female,Monthly,2024-01-30,2026-02-10,29,7,1
CUST0764,Dennis Jackson,24,Female,Yearly,2026-02-17,2026-04-09,5,3,1
CUST0765,Jennifer Hensley,19,Male,Quarterly,2024-01-27,2026-02-22,68,9,1
CUST0766,Daniel Mcconnell,28,Male,Yearly,2025-11-10,2026-04-24,72,10,0
CUST0767,George Thomas,52,Male,Quarterly,2025-08-28,2026-03-08,45,5,0
CUST0768,Morgan Hamilton,46,Other,Monthly,2026-03-15,2026-03-15,20,8,1
CUST0769,Matthew Arnold,29,Female,Quarterly,2025-01-08,2026-03-22,25,10,0
CUST0770,Chase Carrillo,38,Other,Yearly,2025-03-04,2026-02-17,6,6,0
CUST0771,Dave Buckley,18,Other,Quarterly,2024-12-02,2026-01-08,13,3,1
CUST0772,Timothy Williams,18,Female,Yearly,2026-02-14,2026-03-13,9,1,0
CUST0773,Charles Wilkins,32,Other,Quarterly,2025-08-06,2026-03-29,44,6,0
CUST0774,Catherine Joseph,40,Male,Quarterly,2023-09-11,2026-04-08,68,9,1
CUST0775,Daniel Moore,54,Other,Quarterly,2024-02-13,2026-02-26,65,7,1
CUST0776,Sandra Price,29,Male,Monthly,2024-04-29,2026-04-08,21,7,0
CUST0777,Brian Gaines MD,25,Male,Monthly,2024-10-04,2026-03-05,59,8,0
CUST0778,David Hooper,24,Female,Quarterly,2026-01-12,2026-04-11,58,7,1
CUST0779,Whitney Forbes,50,Other,Quarterly,2024-10-01,2026-02-20,53,8,0
CUST0780,Thomas Hall,41,Other,Monthly,2024-06-27,2026-02-21,31,10,1
CUST0781,Dylan Brooks,38,Male,Monthly,2023-08-21,2026-01-14,26,3,0
CUST0782,Jesse Mccarthy,36,Male,Quarterly,2026-02-01,2026-03-15,49,7,0
CUST0783,Kelly Dougherty,41,Other,Monthly,2024-10-14,2026-02-22,30,7,0
CUST0784,Mark Hill,35,Other,Quarterly,2024-12-02,2026-03-18,57,5,0
CUST0785,Michele Hernandez,29,Female,Quarterly,2025-03-27,2026-04-04,37,3,0
CUST0786,Kelly Price,25,Female,Yearly,2023-08-18,2026-03-04,56,8,0
CUST0787,Matthew Hunt,57,Female,Monthly,2024-06-01,2026-03-12,41,9,0
CUST0788,Brittany Acevedo,32,Female,Monthly,2024-08-24,2026-02-15,6,4,1
CUST0789,Angela Buchanan,22,Other,Quarterly,2024-11-04,2026-04-23,47,3,0
CUST0790,Frank Clayton,20,Other,Quarterly,2025-06-16,2026-02-26,30,7,0
CUST0791,Adriana Atkins,34,Other,Monthly,2024-11-25,2026-01-17,33,10,0
CUST0792,Mark Martin,33,Female,Yearly,2024-08-23,2026-04-08,50,2,0
CUST0793,Gregory Mcintosh,55,Other,Monthly,2026-01-09,2026-03-18,6,7,0
CUST0794,Ian Cook,37,Female,Monthly,2024-08-20,2026-01-15,71,7,0
CUST0795,William Wallace,22,Other,Yearly,2025-02-06,2026-01-25,35,6,1
CUST0796,Meagan Nguyen,58,Male,Yearly,2025-12-10,2026-04-28,79,6,0
CUST0797,Rhonda Hayes,60,Other,Monthly,2026-02-26,2026-01-20,49,10,0
CUST0798,Alexander Foley,19,Male,Monthly,2025-02-26,2026-02-12,69,6,1
CUST0799,Joshua James,33,Other,Yearly,2024-01-15,2026-03-08,11,4,1
CUST0800,Angela Miller,30,Male,Quarterly,2023-12-16,2026-03-24,40,2,0
CUST0801,Angela Ortiz,60,Male,Monthly,2025-04-24,2026-04-04,23,6,0
CUST0802,Valerie Schmidt,33,Male,Monthly,2025-01-25,2026-04-16,55,10,0
CUST0803,Eric Reed,42,Other,Quarterly,2025-11-23,2026-02-10,33,1,1
CUST0804,Brianna Thornton,23,Male,Monthly,2023-08-24,2026-03-08,33,10,1
CUST0805,Michael Lewis,26,Other,Yearly,2025-06-23,2026-03-27,77,4,0
CUST0806,Matthew Pratt,39,Other,Yearly,2025-11-09,2026-04-05,23,2,0
CUST0807,Christopher Hawkins,46,Female,Monthly,2025-04-05,2026-01-11,70,6,0
CUST0808,Kelly Goodwin,27,Female,Monthly,2025-10-23,2026-04-06,12,3,1
CUST0809,Christopher Walker,26,Other,Monthly,2025-03-09,2026-03-19,47,2,0
CUST0810,Jason Conway,24,Female,Monthly,2025-07-02,2026-03-11,79,4,0
CUST0811,Joseph Orr,21,Other,Yearly,2026-02-15,2026-02-07,54,10,1
CUST0812,Penny Phillips,57,Other,Yearly,2023-10-25,2026-04-20,66,5,0
CUST0813,Rebecca Case,46,Other,Monthly,2024-09-10,2026-02-04,28,4,1
CUST0814,Jenny Armstrong,19,Male,Monthly,2026-03-04,2026-02-11,39,1,0
CUST0815,Tiffany Miller,32,Female,Quarterly,2025-02-26,2026-01-26,67,6,0
CUST0816,Robin Hanson,55,Male,Quarterly,2025-09-23,2026-04-29,12,1,0
CUST0817,Tracey Nguyen,44,Male,Monthly,2023-10-10,2026-04-22,28,2,0
CUST0818,Mary Torres DDS,33,Male,Monthly,2024-10-16,2026-03-26,46,8,0
CUST0819,Rachel Benitez,57,Male,Monthly,2025-09-26,2026-03-29,71,7,1
CUST0820,Dr. Kelli Reed,27,Male,Monthly,2024-09-23,2026-01-10,66,5,1
CUST0821,Steven Long,57,Other,Monthly,2025-04-02,2026-03-25,46,7,0
CUST0822,Megan Rhodes,42,Female,Quarterly,2025-05-29,2026-05-02,66,3,1
CUST0823,Brandon Thompson,54,Other,Quarterly,2025-11-14,2026-04-12,32,5,0
CUST0824,Melissa Rice,24,Other,Quarterly,2024-01-08,2026-03-27,19,6,0
CUST0825,Alexandria Marshall,47,Other,Monthly,2024-02-03,2026-05-07,77,3,1
CUST0826,William Barrett,22,Male,Monthly,2024-05-19,2026-02-26,79,2,1
CUST0827,Frank Daugherty,31,Other,Monthly,2025-04-16,2026-03-13,14,10,0
CUST0828,Kristen Brown,50,Other,Quarterly,2024-04-13,2026-03-09,71,8,0
CUST0829,Randall Armstrong,18,Female,Monthly,2024-02-11,2026-02-21,73,9,0
CUST0830,Julie Payne,43,Male,Yearly,2024-03-09,2026-01-10,10,1,0
CUST0831,Matthew Campbell,33,Female,Monthly,2024-08-02,2026-02-03,71,1,1
CUST0832,Kevin Rios,56,Female,Monthly,2025-03-21,2026-05-04,37,8,0
CUST0833,Mario Gross,41,Other,Monthly,2024-04-30,2026-02-14,50,5,0
CUST0834,Michelle Munoz,30,Female,Quarterly,2023-09-06,2026-04-23,69,6,1
CUST0835,Michael Montoya,49,Male,Monthly,2023-10-07,2026-03-26,26,1,0
CUST0836,Daniel Berry,46,Male,Monthly,2024-01-07,2026-02-03,13,1,0
CUST0837,Erik Griffin,43,Female,Yearly,2024-12-29,2026-04-22,32,9,0
CUST0838,Dawn West,51,Male,Yearly,2025-06-16,2026-02-07,31,9,1
CUST0839,Clayton Gomez,44,Female,Monthly,2026-02-27,2026-03-25,41,7,1
CUST0840,Patrick Boyd,55,Other,Monthly,2024-10-27,2026-02-05,35,7,0
CUST0841,Donald Powell,58,Other,Monthly,2023-12-03,2026-02-13,5,8,0
CUST0842,Lindsey Oneal,30,Male,Monthly,2025-07-01,2026-01-28,35,5,1
CUST0843,Cody Gutierrez,32,Female,Quarterly,2024-09-13,2026-04-11,59,10,0
CUST0844,Cristina Munoz,22,Other,Monthly,2025-10-28,2026-03-15,64,7,0
CUST0845,Linda Davis,49,Other,Monthly,2025-08-04,2026-03-01,57,8,0
CUST0846,Helen Garcia,47,Female,Quarterly,2025-03-30,2026-04-09,52,3,0
CUST0847,Rodney Cobb,53,Female,Monthly,2025-09-17,2026-02-24,1,10,0
CUST0848,Shawn Walsh,54,Female,Quarterly,2025-04-01,2026-03-01,4,1,1
CUST0849,Jonathan Mitchell,48,Other,Quarterly,2023-11-05,2026-01-24,55,5,0
CUST0850,Jesse Anderson,33,Other,Yearly,2025-08-03,2026-04-03,36,4,0
CUST0851,Jamie Rice,18,Other,Quarterly,2025-01-31,2026-02-17,13,6,0
CUST0852,Tony Munoz,22,Male,Monthly,2023-09-23,2026-05-08,55,1,1
CUST0853,Kara Deleon,22,Other,Yearly,2023-10-21,2026-03-03,53,8,1
CUST0854,Gregory Klein,18,Other,Yearly,2025-12-13,2026-02-16,37,9,0
CUST0855,Joseph Carr,57,Other,Yearly,2025-10-12,2026-03-01,3,4,1
CUST0856,Susan Smith,29,Other,Yearly,2025-04-16,2026-01-31,14,4,1
CUST0857,Andrew Oconnor,36,Male,Monthly,2025-05-27,2026-02-10,28,3,1
CUST0858,Kimberly Kerr,41,Male,Monthly,2025-10-08,2026-04-27,35,7,0
CUST0859,Daniel Kaufman,26,Male,Monthly,2025-08-30,2026-03-02,9,8,1
CUST0860,Kyle Smith,24,Male,Monthly,2023-10-01,2026-03-05,36,8,1
CUST0861,Mrs. Mia Miller,24,Female,Monthly,2024-11-22,2026-04-10,34,10,0
CUST0862,Amy Perez,47,Male,Monthly,2025-12-07,2026-03-25,21,7,0
CUST0863,Jody Price,53,Other,Monthly,2025-03-25,2026-03-21,24,4,0
CUST0864,Calvin Moore,47,Male,Quarterly,2025-03-22,2026-05-06,7,7,0
CUST0865,Natalie West,57,Female,Monthly,2025-10-24,2026-01-08,7,5,0
CUST0866,Phillip Johnson,20,Male,Yearly,2023-11-13,2026-02-21,79,4,1
CUST0867,Cameron Glenn,28,Male,Monthly,2024-10-20,2026-03-01,21,1,1
CUST0868,Wanda Burns DDS,35,Female,Monthly,2024-12-22,2026-02-06,56,9,1
CUST0869,Justin Santos,22,Other,Yearly,2024-04-17,2026-02-22,44,8,0
CUST0870,Brandy Smith,33,Other,Yearly,2025-06-04,2026-02-09,77,5,1
CUST0871,Lauren Brown,45,Male,Quarterly,2025-09-28,2026-03-18,4,7,0
CUST0872,Thomas Harris,47,Other,Quarterly,2023-09-03,2026-01-28,49,10,0
CUST0873,Tony Monroe,55,Male,Monthly,2023-12-23,2026-03-06,17,2,1
CUST0874,Alexis Fernandez,29,Female,Yearly,2024-08-09,2026-04-12,43,9,0
CUST0875,Kyle Guzman,23,Female,Yearly,2023-12-02,2026-04-23,72,7,1
CUST0876,Jerry Adkins,41,Male,Monthly,2025-05-01,2026-01-17,14,1,0
CUST0877,Pamela Weiss,42,Male,Quarterly,2024-11-06,2026-02-19,77,10,1
CUST0878,Melissa Moyer,57,Female,Monthly,2025-06-16,2026-02-09,31,4,1
CUST0879,Alison Jackson,39,Male,Yearly,2024-12-22,2026-01-27,51,7,0
CUST0880,Melanie Williams,58,Other,Monthly,2025-11-07,2026-01-12,9,7,1
CUST0881,Brian Parker,25,Other,Monthly,2025-09-08,2026-02-12,70,9,1
CUST0882,Krystal Zimmerman DDS,45,Male,Yearly,2026-03-11,2026-02-05,36,10,0
CUST0883,Donna Reed,42,Other,Quarterly,2026-03-29,2026-01-10,61,8,0
CUST0884,Diana Pierce,35,Female,Quarterly,2024-02-01,2026-02-11,1,4,1
CUST0885,Julie Steele,37,Other,Monthly,2025-02-08,2026-04-13,35,2,0
CUST0886,Christopher Edwards,36,Other,Monthly,2024-09-08,2026-01-19,31,10,1
CUST0887,John Trevino,55,Female,Monthly,2026-04-02,2026-05-08,37,5,0
CUST0888,Gregory Lee,48,Other,Monthly,2026-03-01,2026-01-31,52,7,1
CUST0889,Kim Schwartz,38,Male,Monthly,2025-09-05,2026-02-22,17,8,1
CUST0890,Taylor Lopez,31,Other,Monthly,2024-09-10,2026-03-14,18,8,0
CUST0891,Kimberly Yang,44,Other,Monthly,2025-05-07,2026-01-15,39,4,1
CUST0892,Michelle Rios,41,Other,Monthly,2025-08-26,2026-03-20,19,4,0
CUST0893,Dr. Meredith Vega DVM,59,Male,Monthly,2023-10-22,2026-02-01,13,7,1
CUST0894,Cassidy Hicks,58,Other,Quarterly,2023-10-25,2026-03-16,62,7,0
CUST0895,Jeffery Washington,28,Female,Monthly,2023-11-14,2026-01-12,45,9,0
CUST0896,Paul Ferguson,49,Other,Monthly,2025-01-01,2026-05-06,25,9,1
CUST0897,Derrick Perez,52,Male,Monthly,2024-10-03,2026-05-07,30,4,0
CUST0898,Nicole Luna,56,Male,Monthly,2024-03-19,2026-03-09,28,7,0
CUST0899,Whitney Garcia,33,Male,Yearly,2023-08-28,2026-02-22,39,5,0
CUST0900,Amy Williams,56,Male,Monthly,2024-12-06,2026-04-22,0,3,1
CUST0901,Marc Cole,51,Other,Monthly,2024-04-17,2026-03-10,61,6,1
CUST0902,Kevin Olson,56,Male,Quarterly,2025-01-02,2026-03-15,74,7,0
CUST0903,Natasha Perkins,44,Female,Monthly,2025-07-18,2026-01-16,57,8,1
CUST0904,Kimberly Cooper,53,Female,Monthly,2025-11-27,2026-02-26,37,4,1
CUST0905,Natalie Knox,43,Other,Monthly,2023-09-27,2026-02-05,18,3,1
CUST0906,Jason Murray,43,Female,Quarterly,2025-04-27,2026-02-23,23,7,1
CUST0907,Michael Adams,22,Female,Monthly,2023-10-14,2026-02-22,55,5,1
CUST0908,Janice Travis,56,Male,Monthly,2025-08-05,2026-04-25,15,2,0
CUST0909,Melissa Dominguez,24,Other,Yearly,2025-05-19,2026-02-05,19,8,1
CUST0910,Norman Garza,48,Female,Quarterly,2025-03-29,2026-01-17,37,8,0
CUST0911,Eric Weaver,26,Male,Quarterly,2025-03-16,2026-03-31,15,2,0
CUST0912,Steven Love,34,Other,Monthly,2024-07-16,2026-01-17,32,3,1
CUST0913,Karen Bartlett,22,Male,Monthly,2025-03-02,2026-03-04,15,10,1
CUST0914,Melinda Ford,41,Male,Monthly,2026-03-16,2026-05-07,4,10,1
CUST0915,Phillip Scott,19,Female,Monthly,2025-05-09,2026-04-29,43,7,0
CUST0916,Karen Thompson,42,Female,Quarterly,2024-11-29,2026-02-10,34,5,1
CUST0917,Carrie Nichols,32,Female,Quarterly,2025-07-19,2026-01-12,27,9,0
CUST0918,Christopher Williams,30,Female,Quarterly,2023-08-25,2026-01-16,41,7,1
CUST0919,Kaitlyn Nichols,38,Male,Quarterly,2023-11-13,2026-04-27,52,9,1
CUST0920,Victoria Woodard,46,Male,Yearly,2025-02-03,2026-03-08,23,5,1
CUST0921,Phillip Poole,31,Female,Monthly,2025-02-15,2026-03-09,43,5,0
CUST0922,Jason Ryan,46,Other,Monthly,2024-08-12,2026-01-11,69,7,0
CUST0923,Richard Miller,39,Male,Monthly,2024-10-19,2026-04-12,50,7,0
CUST0924,Katherine Smith,51,Male,Quarterly,2025-03-19,2026-05-02,17,4,1
CUST0925,Paula Cook,56,Male,Monthly,2025-12-15,2026-04-07,72,1,1
CUST0926,Heather Taylor,28,Other,Monthly,2024-06-16,2026-02-25,64,2,1
CUST0927,Danny Gutierrez,39,Other,Quarterly,2025-09-01,2026-02-14,11,6,1
CUST0928,Jennifer Hanson,34,Female,Quarterly,2024-08-18,2026-01-08,38,7,1
CUST0929,Dana Steele,27,Female,Yearly,2026-03-19,2026-05-08,53,3,1
CUST0930,Samantha Copeland,44,Other,Monthly,2025-10-05,2026-04-08,51,10,0
CUST0931,Carol Davis MD,26,Other,Yearly,2023-08-30,2026-04-26,50,5,0
CUST0932,Lori Ferguson,42,Male,Monthly,2024-05-11,2026-04-26,39,4,1
CUST0933,Andrew Weber,29,Male,Yearly,2025-03-05,2026-01-16,1,8,0
CUST0934,Alexis Nunez,34,Male,Monthly,2024-06-14,2026-01-22,28,10,0
CUST0935,John Reed,24,Female,Monthly,2025-06-03,2026-01-26,1,8,1
CUST0936,Jason Harris MD,55,Female,Quarterly,2024-09-26,2026-03-20,46,1,0
CUST0937,Barbara Norton,20,Other,Monthly,2023-08-20,2026-04-24,2,10,0
CUST0938,Christopher Kim,58,Other,Quarterly,2025-03-05,2026-02-26,39,5,0
CUST0939,Shane Wallace,33,Male,Quarterly,2024-07-14,2026-04-28,51,2,0
CUST0940,John Hawkins,46,Female,Yearly,2025-02-14,2026-03-24,6,2,0
CUST0941,Terri Strickland,50,Other,Monthly,2025-02-13,2026-04-14,46,6,0
CUST0942,Anthony King,38,Other,Monthly,2024-09-09,2026-01-23,29,4,1
CUST0943,Amanda Hensley,29,Female,Monthly,2023-09-30,2026-01-15,42,6,1
CUST0944,Danny Soto,35,Male,Yearly,2026-04-06,2026-04-24,79,5,0
CUST0945,Greg Silva,45,Male,Monthly,2024-07-04,2026-02-01,51,10,1
CUST0946,Kimberly Fernandez,20,Other,Monthly,2025-08-12,2026-03-17,21,2,0
CUST0947,Michael Salinas,20,Male,Monthly,2025-07-17,2026-02-05,28,6,0
CUST0948,Rebecca Farmer,49,Female,Yearly,2025-08-20,2026-04-02,2,1,1
CUST0949,Jesse Brooks,37,Female,Yearly,2024-11-24,2026-01-24,27,6,1
CUST0950,Laura David,50,Male,Monthly,2023-10-07,2026-02-24,6,1,1
CUST0951,Jacob Sanchez,57,Female,Quarterly,2024-08-20,2026-03-27,23,6,0
CUST0952,Kimberly Fisher,28,Female,Quarterly,2025-11-18,2026-02-06,60,3,0
CUST0953,Aaron Lawson,35,Male,Yearly,2024-11-14,2026-02-05,59,1,1
CUST0954,Jose Miller,46,Female,Monthly,2024-10-26,2026-03-09,43,7,0
CUST0955,Mr. Zachary Decker,56,Female,Quarterly,2024-11-16,2026-03-15,25,1,0
CUST0956,Mr. Marcus Marquez Jr.,30,Female,Monthly,2026-02-02,2026-03-07,70,1,1
CUST0957,Stephanie Collins,23,Female,Yearly,2024-05-27,2026-01-23,9,4,1
CUST0958,Katherine Smith,43,Female,Quarterly,2023-09-03,2026-02-07,31,10,1
CUST0959,Zachary Cunningham,46,Female,Quarterly,2025-01-15,2026-02-13,57,6,1
CUST0960,David Nelson,60,Other,Monthly,2023-12-10,2026-03-26,60,10,1
CUST0961,Dylan Perez,38,Female,Quarterly,2023-09-14,2026-02-07,7,1,1
CUST0962,Eric Leonard,40,Male,Monthly,2024-11-02,2026-02-24,43,9,1
CUST0963,Mark Gregory,35,Female,Quarterly,2025-11-13,2026-02-16,43,6,0
CUST0964,Sheri Williams,47,Male,Monthly,2025-07-23,2026-02-08,37,10,1
CUST0965,Michael Joseph,47,Other,Monthly,2024-06-13,2026-03-08,77,4,1
CUST0966,Erin Hunter,47,Other,Quarterly,2024-06-22,2026-02-25,43,5,0
CUST0967,Mark Zamora,39,Female,Monthly,2023-11-21,2026-05-04,57,9,0
CUST0968,Daniel Salazar,37,Male,Quarterly,2023-12-01,2026-03-14,43,8,0
CUST0969,Blake Herrera,23,Female,Monthly,2026-01-30,2026-04-24,39,6,1
CUST0970,Joseph Wright,48,Female,Monthly,2026-03-24,2026-02-28,60,3,1
CUST0971,Eric Garcia,46,Male,Monthly,2024-03-23,2026-04-08,58,2,0
CUST0972,Jason Jensen,33,Male,Quarterly,2024-10-02,2026-04-13,2,8,1
CUST0973,Natasha Nelson,32,Other,Quarterly,2024-02-02,2026-03-15,36,8,0
CUST0974,Shirley Smith,36,Female,Monthly,2025-03-19,2026-02-23,43,6,0
CUST0975,Rachel Watson,46,Female,Yearly,2023-10-20,2026-03-03,25,10,1
CUST0976,Lauren Maldonado,53,Male,Monthly,2024-09-23,2026-04-15,39,7,1
CUST0977,Kelsey Little,33,Female,Monthly,2024-06-08,2026-04-23,19,2,1
CUST0978,Stephen Perry,27,Female,Quarterly,2025-03-01,2026-03-07,0,7,0
CUST0979,George Rivera,47,Other,Yearly,2024-05-26,2026-03-14,74,3,0
CUST0980,Sarah Robinson,26,Other,Monthly,2025-01-01,2026-01-26,51,3,1
CUST0981,Diana Contreras,41,Female,Monthly,2025-07-09,2026-02-11,1,5,1
CUST0982,Victoria Martin,50,Other,Yearly,2024-06-24,2026-04-22,7,1,1
CUST0983,Karen Wright,28,Other,Yearly,2025-03-14,2026-04-04,1,1,1
CUST0984,Anthony Blackburn DDS,20,Male,Monthly,2025-09-02,2026-05-03,69,9,1
CUST0985,Mark Jones,42,Female,Quarterly,2024-01-24,2026-02-24,39,7,0
CUST0986,Kelly Peters,18,Female,Monthly,2023-09-08,2026-01-31,42,6,1
CUST0987,Leslie Gomez,37,Male,Monthly,2024-11-10,2026-03-21,35,2,1
CUST0988,Michael Ingram,51,Male,Yearly,2025-12-09,2026-04-13,8,7,0
CUST0989,Susan Harrison,57,Other,Quarterly,2024-02-09,2026-04-25,22,2,0
CUST0990,David Welch,51,Other,Yearly,2025-11-23,2026-01-21,10,7,0
CUST0991,Doris Moreno,42,Other,Quarterly,2026-04-04,2026-02-15,30,2,1
CUST0992,Matthew Gardner,23,Male,Quarterly,2025-04-14,2026-02-16,77,4,0
CUST0993,April Brewer,47,Other,Monthly,2024-10-05,2026-04-15,70,9,0
CUST0994,Marilyn Morton,46,Female,Monthly,2026-01-26,2026-04-03,38,3,0
CUST0995,Cory Jordan,44,Other,Quarterly,2024-11-18,2026-02-06,67,8,0
CUST0996,Benjamin Cross,26,Female,Quarterly,2024-08-10,2026-03-10,62,1,1
CUST0997,Catherine Miller,34,Female,Monthly,2023-08-31,2026-02-17,13,5,1
CUST0998,Melinda Perry,39,Other,Quarterly,2024-07-07,2026-03-07,42,2,0
CUST0999,Melissa Strickland,39,Female,Yearly,2024-09-27,2026-04-10,4,4,0
CUST1000,Sandra Sandoval,40,Other,Monthly,2023-12-22,2026-01-08,48,2,1
CUST1001,Bonnie Young,27,Female,Yearly,2024-05-07,2026-05-03,70,7,0
CUST1002,Kim Martinez,58,Male,Quarterly,2025-05-20,2026-02-09,66,2,1
CUST1003,Samuel Becker,28,Other,Quarterly,2024-04-17,2026-02-19,40,2,1
CUST1004,Victoria Baker,23,Female,Quarterly,2024-01-23,2026-03-25,47,7,0
CUST1005,Taylor Brown,51,Female,Quarterly,2026-03-29,2026-04-21,73,7,0
CUST1006,Amy Thompson,59,Other,Yearly,2025-05-13,2026-01-22,76,4,0
CUST1007,Cynthia Barnes,57,Male,Quarterly,2026-01-26,2026-04-17,49,6,0
CUST1008,Kelly Wong,44,Other,Quarterly,2025-06-05,2026-04-05,65,10,0
CUST1009,Joel Alexander,35,Female,Quarterly,2024-08-02,2026-02-17,80,10,0
CUST1010,Michael Ortiz,53,Other,Quarterly,2025-08-24,2026-04-16,54,7,0
CUST1011,Dillon Barnes,32,Other,Quarterly,2024-12-30,2026-02-25,32,4,0
CUST1012,Jordan Ballard,33,Male,Yearly,2024-05-15,2026-02-06,44,1,0
CUST1013,Joshua Sharp,30,Female,Yearly,2023-12-04,2026-04-14,4,6,0
CUST1014,Shannon Butler,45,Female,Monthly,2024-09-23,2026-03-31,64,1,0
CUST1015,Kaylee Wright,35,Female,Quarterly,2025-11-18,2026-04-16,65,3,1
CUST1016,Kevin Collier,37,Other,Yearly,2025-03-10,2026-04-18,57,10,0
CUST1017,Antonio Skinner,47,Female,Quarterly,2025-02-23,2026-04-17,54,6,0
CUST1018,Jennifer Coleman,49,Female,Monthly,2023-09-22,2026-05-06,70,9,0
CUST1019,Sabrina Figueroa,28,Male,Monthly,2026-03-19,2026-01-08,20,7,0
CUST1020,Adam Garcia,55,Female,Quarterly,2024-02-05,2026-02-19,51,10,0
CUST1021,Todd Clark,27,Female,Quarterly,2026-01-12,2026-03-29,47,5,0
CUST1022,Ronnie Hobbs,40,Female,Yearly,2025-12-03,2026-03-02,43,6,0
CUST1023,Devon Stafford,55,Other,Monthly,2025-12-15,2026-01-15,72,5,1
CUST1024,Joshua Rodriguez,52,Male,Quarterly,2025-06-05,2026-04-24,60,5,0
CUST1025,Shannon Gomez,19,Female,Quarterly,2024-04-25,2026-02-16,51,10,0
CUST1026,Sheila Waters,51,Female,Monthly,2024-05-30,2026-04-19,60,8,0
CUST1027,Michael Pierce,47,Other,Yearly,2025-11-12,2026-02-27,2,1,1
CUST1028,Amber Turner,19,Male,Monthly,2024-12-20,2026-01-10,16,3,0
CUST1029,Anna Delacruz,51,Other,Monthly,2023-09-04,2026-03-16,14,8,0
CUST1030,Crystal Everett,21,Female,Monthly,2023-08-31,2026-04-27,17,1,1
CUST1031,Leslie James,32,Male,Monthly,2024-06-21,2026-02-25,33,9,1
CUST1032,John Taylor,56,Other,Monthly,2025-09-25,2026-03-15,36,9,0
CUST1033,Kevin Stokes,56,Other,Quarterly,2023-12-16,2026-03-12,70,8,0
CUST1034,Christopher Patel,43,Other,Monthly,2025-06-20,2026-04-25,58,7,1
CUST1035,Clifford Buckley,24,Female,Quarterly,2024-12-26,2026-01-30,66,9,1
CUST1036,Gregory Luna,29,Male,Yearly,2024-01-20,2026-05-05,78,10,0
CUST1037,Maria Jones,49,Female,Monthly,2024-10-05,2026-04-25,17,2,1
CUST1038,Jennifer Rodriguez,31,Female,Quarterly,2024-12-18,2026-03-04,74,1,0
CUST1039,Alex Garcia,40,Male,Yearly,2025-09-03,2026-04-04,39,5,0
CUST1040,Jennifer Davis,24,Other,Quarterly,2024-11-04,2026-03-23,31,9,0
CUST1041,Justin Greene,54,Other,Quarterly,2024-10-28,2026-01-31,61,7,1
CUST1042,Joseph Phillips,50,Female,Quarterly,2025-01-02,2026-03-31,74,7,0
CUST1043,Jacob Rodriguez,55,Male,Quarterly,2024-06-17,2026-01-25,7,3,0
CUST1044,Rhonda Walters,37,Female,Monthly,2026-02-17,2026-02-14,7,10,0
CUST1045,Christopher Brown,60,Female,Monthly,2025-06-28,2026-04-28,11,5,0
CUST1046,Cynthia Rodriguez,49,Female,Monthly,2024-09-29,2026-04-14,30,8,1
CUST1047,Matthew Marshall,27,Other,Monthly,2025-09-02,2026-03-26,2,10,1
CUST1048,Leslie Proctor,26,Other,Yearly,2025-03-07,2026-04-30,40,3,0
CUST1049,Katherine Fernandez,20,Other,Monthly,2026-02-04,2026-02-19,22,2,1
CUST1050,Jeffrey Gibson,33,Other,Monthly,2025-10-27,2026-03-27,76,3,1
CUST1051,Andrea Salinas,41,Male,Monthly,2025-02-18,2026-01-26,60,10,0
CUST1052,Michael Jones,18,Other,Monthly,2025-10-13,2026-03-13,12,3,1
CUST1053,David Reynolds,18,Male,Yearly,2024-05-30,2026-02-23,73,10,0
CUST1054,Nancy Jackson,58,Male,Quarterly,2023-12-16,2026-03-22,75,7,0
CUST1055,Randy Murray,26,Other,Monthly,2025-02-03,2026-02-01,72,6,0
CUST1056,Angela Hampton,53,Other,Quarterly,2025-01-11,2026-04-06,68,2,1
CUST1057,Margaret Nguyen,41,Female,Quarterly,2025-03-08,2026-01-08,61,10,0
CUST1058,Francis Garcia,45,Female,Yearly,2026-01-29,2026-01-31,24,6,1
CUST1059,Allison Smith,38,Male,Monthly,2023-12-31,2026-02-24,32,2,1
CUST1060,Daniel Jones,58,Other,Monthly,2025-12-19,2026-04-05,2,2,1
CUST1061,Anna Johnson,51,Male,Monthly,2023-10-16,2026-03-19,2,6,0
CUST1062,Jerry Spencer,57,Other,Monthly,2025-09-29,2026-04-05,37,5,0
CUST1063,Alyssa Perez,20,Female,Yearly,2025-12-14,2026-03-21,28,2,0
CUST1064,Lindsay Richardson,46,Male,Quarterly,2025-04-21,2026-03-30,49,6,0
CUST1065,Theodore Francis,21,Other,Monthly,2026-03-27,2026-04-12,43,2,1
CUST1066,Jessica Smith DDS,58,Other,Monthly,2025-05-13,2026-01-15,67,4,1
CUST1067,Jim Thompson,36,Other,Monthly,2025-11-14,2026-01-14,18,4,1
CUST1068,Keith Frederick,58,Male,Quarterly,2023-09-17,2026-02-02,35,8,1
CUST1069,Emily Thompson,21,Male,Monthly,2024-07-10,2026-02-11,50,4,1
CUST1070,Jacqueline Mcintosh,50,Male,Monthly,2024-09-28,2026-04-06,53,7,0
CUST1071,Sheila Patel,57,Female,Quarterly,2024-01-04,2026-03-21,33,1,0
CUST1072,Paul Dawson,40,Other,Quarterly,2025-01-13,2026-02-16,75,4,0
CUST1073,Rebecca Stewart,46,Other,Quarterly,2023-09-15,2026-04-28,42,3,1
CUST1074,Marcus Mcgee,25,Other,Monthly,2024-04-04,2026-04-05,12,3,0
CUST1075,Sheila Chan,22,Female,Quarterly,2025-12-04,2026-02-01,33,6,0
CUST1076,Kathleen Roberts,44,Other,Quarterly,2025-01-09,2026-03-14,35,6,0
CUST1077,Michelle Berger,49,Other,Quarterly,2024-10-31,2026-02-22,68,9,1
CUST1078,Philip Bruce,50,Female,Quarterly,2025-03-13,2026-03-01,8,6,0
CUST1079,Michael Sanford,52,Female,Quarterly,2024-02-10,2026-04-17,8,6,0
CUST1080,Roberta Grant,24,Male,Monthly,2024-12-02,2026-05-03,25,2,1
CUST1081,Cathy Brooks,34,Female,Monthly,2025-12-28,2026-04-26,61,4,0
CUST1082,Christina Robinson,59,Other,Monthly,2026-02-12,2026-02-20,59,8,1
CUST1083,Nicole Mcdowell,57,Male,Monthly,2024-06-22,2026-03-16,65,7,0
CUST1084,Aaron Ford,39,Other,Monthly,2023-09-07,2026-03-02,15,3,1
CUST1085,James Harding,54,Female,Yearly,2025-06-28,2026-01-22,72,8,1
CUST1086,Martin Reeves,55,Male,Monthly,2025-11-30,2026-04-24,14,3,0
CUST1087,Jennifer Salazar DVM,36,Other,Monthly,2025-08-14,2026-04-18,72,7,0
CUST1088,Margaret Rosales,46,Female,Quarterly,2025-06-08,2026-02-19,70,5,0
CUST1089,John Wright,48,Male,Monthly,2025-09-24,2026-02-27,50,9,1
CUST1090,Kayla Stone,57,Male,Monthly,2024-11-26,2026-02-15,26,7,0
CUST1091,David Brown,53,Other,Yearly,2025-08-10,2026-04-07,71,3,1
CUST1092,Paul Wilson,22,Other,Monthly,2025-01-06,2026-02-15,14,9,0
CUST1093,Charles Lopez,26,Female,Monthly,2024-12-07,2026-01-19,65,8,1
CUST1094,Elizabeth Peterson,45,Other,Yearly,2025-12-19,2026-05-07,43,4,0
CUST1095,Jacob Sanders,34,Male,Yearly,2025-04-27,2026-02-18,4,7,0
CUST1096,John Palmer,55,Male,Monthly,2023-12-15,2026-01-25,75,1,0
CUST1097,Megan Smith,60,Other,Monthly,2026-01-24,2026-03-12,77,4,1
CUST1098,John Jones,21,Female,Quarterly,2024-03-28,2026-02-04,38,5,1
CUST1099,Justin Richmond,55,Male,Quarterly,2024-03-28,2026-03-03,79,6,0
CUST1100,David Taylor,45,Female,Monthly,2025-02-26,2026-01-30,42,3,0
CUST1101,Andrew Haynes,34,Female,Monthly,2026-01-12,2026-04-11,6,3,0
CUST1102,Eric Davis,25,Other,Monthly,2024-12-30,2026-04-17,49,9,0
CUST1103,Mitchell Obrien,38,Male,Quarterly,2026-03-08,2026-03-13,66,1,1
CUST1104,Robert Hall,28,Male,Monthly,2023-09-12,2026-03-02,46,2,1
CUST1105,Brandon Brown,22,Other,Quarterly,2026-01-22,2026-03-23,65,10,0
CUST1106,Joseph Daniels,31,Other,Yearly,2023-09-03,2026-01-17,12,6,0
CUST1107,Taylor Bell,25,Other,Yearly,2025-03-15,2026-05-07,34,7,0
CUST1108,Regina Hawkins,45,Female,Monthly,2024-10-15,2026-03-25,67,1,0
CUST1109,Molly Rogers,60,Female,Monthly,2024-05-17,2026-04-28,15,5,1
CUST1110,Jeanette Osborne,51,Male,Monthly,2024-10-16,2026-01-31,69,6,0
CUST1111,Adam Collier,35,Other,Quarterly,2025-01-15,2026-01-19,66,9,0
CUST1112,Elijah Chapman,58,Female,Monthly,2025-06-14,2026-02-03,26,6,0
CUST1113,Sara Kelly,47,Male,Yearly,2025-06-03,2026-01-31,54,1,1
CUST1114,Michael Turner,40,Other,Quarterly,2025-11-27,2026-04-02,56,9,0
CUST1115,Elizabeth Richards,21,Female,Monthly,2024-08-25,2026-03-15,30,3,0
CUST1116,Melissa Burns,31,Male,Quarterly,2024-01-24,2026-01-28,15,9,0
CUST1117,Michael Cohen,26,Other,Monthly,2024-09-16,2026-04-23,2,7,1
CUST1118,Rodney Bradley,33,Male,Monthly,2026-03-11,2026-03-16,21,4,1
CUST1119,Melissa Stephenson,42,Male,Monthly,2024-03-12,2026-03-13,39,1,0
CUST1120,Joe Lewis,19,Male,Quarterly,2024-02-01,2026-03-03,36,8,0
CUST1121,Warren Green,28,Female,Quarterly,2025-04-10,2026-01-19,7,1,0
CUST1122,Joshua Sparks,34,Female,Monthly,2025-02-03,2026-03-04,39,2,1
CUST1123,Allison Villa,21,Male,Monthly,2024-02-15,2026-02-12,79,2,1
CUST1124,Olivia Johnson,21,Other,Quarterly,2025-02-15,2026-01-10,1,9,0
CUST1125,Jason Parker,24,Female,Yearly,2024-09-10,2026-02-13,52,6,1
CUST1126,Donna Miller,22,Female,Monthly,2024-11-09,2026-02-02,51,3,0
CUST1127,Janet Anderson,46,Other,Monthly,2025-01-25,2026-01-26,0,3,1
CUST1128,William Chapman,30,Male,Monthly,2025-05-09,2026-03-04,40,8,0
CUST1129,Alicia Daniel,59,Other,Monthly,2024-01-25,2026-01-12,76,9,1
CUST1130,Rebecca Mason,38,Male,Monthly,2025-05-06,2026-03-26,77,10,1
CUST1131,Leah Norman,60,Other,Monthly,2025-08-30,2026-04-18,15,8,1
CUST1132,Jeffrey Armstrong,55,Male,Monthly,2024-07-27,2026-02-01,25,5,0
CUST1133,Todd Ellis,25,Female,Quarterly,2024-10-26,2026-01-28,57,5,0
CUST1134,Jo Weaver,51,Female,Quarterly,2025-09-23,2026-01-29,76,10,0
CUST1135,John Barnes,33,Male,Monthly,2025-06-16,2026-02-25,71,10,0
CUST1136,Michael Petersen,48,Female,Quarterly,2026-02-01,2026-01-29,71,6,1
CUST1137,Joshua Salas,41,Female,Monthly,2025-04-08,2026-04-29,53,8,1
CUST1138,Sharon Allen,57,Other,Monthly,2024-01-13,2026-04-15,10,9,1
CUST1139,Kristin Hampton,25,Female,Quarterly,2023-12-11,2026-01-26,5,6,0
CUST1140,Lisa Montgomery,22,Female,Yearly,2024-08-17,2026-01-15,56,1,1
CUST1141,Mark Carpenter,28,Male,Quarterly,2025-04-25,2026-02-19,30,4,0
CUST1142,Nathan Torres,47,Male,Quarterly,2024-02-18,2026-02-04,58,7,0
CUST1143,Noah Martin,59,Male,Quarterly,2025-07-08,2026-04-12,23,1,0
CUST1144,Steven Lee,26,Other,Monthly,2024-11-06,2026-05-01,41,9,1
CUST1145,Christopher Joyce,37,Male,Quarterly,2025-11-02,2026-02-20,26,3,1
CUST1146,Stanley Medina,46,Female,Monthly,2025-11-16,2026-05-02,15,3,0
CUST1147,Dennis Diaz,20,Male,Monthly,2025-08-03,2026-02-06,73,1,1
CUST1148,Zachary Chapman,19,Female,Yearly,2025-08-31,2026-01-16,62,6,0
CUST1149,Robert Palmer,53,Other,Monthly,2023-09-17,2026-03-06,27,10,0
CUST1150,Rebecca Clark,50,Female,Yearly,2026-03-15,2026-04-22,58,2,0
CUST1151,Martha Tanner,45,Other,Yearly,2023-11-27,2026-02-21,76,7,1
CUST1152,Peter Miller,34,Female,Monthly,2024-03-07,2026-02-06,29,3,1
CUST1153,Michael Garrett,50,Female,Monthly,2024-07-09,2026-04-25,51,10,0
CUST1154,Sandra Chambers,51,Other,Quarterly,2025-02-03,2026-03-11,7,8,0
CUST1155,Kathy Sanchez,32,Female,Monthly,2024-10-28,2026-03-18,12,1,1
CUST1156,Michelle Jones,46,Male,Monthly,2025-04-21,2026-03-02,72,5,1
CUST1157,Johnny White,45,Male,Monthly,2025-11-26,2026-02-24,66,9,1
CUST1158,Teresa Hamilton,52,Female,Quarterly,2025-07-25,2026-03-30,62,6,0
CUST1159,Bryan Williams,21,Female,Monthly,2024-12-28,2026-01-24,22,3,1
CUST1160,Angela Hebert,34,Female,Monthly,2025-03-01,2026-04-27,77,5,0
CUST1161,Paul Rogers,56,Female,Quarterly,2024-10-07,2026-02-01,49,3,0
CUST1162,Philip Gonzales,49,Female,Quarterly,2025-02-22,2026-01-30,51,2,1
CUST1163,Aaron Rivera,40,Male,Monthly,2024-12-28,2026-04-05,21,6,0
CUST1164,Denise Olson,19,Female,Monthly,2026-02-07,2026-03-26,75,3,1
CUST1165,Kathleen Johnson,57,Female,Quarterly,2024-08-12,2026-02-28,60,4,1
CUST1166,Scott Crawford,23,Other,Monthly,2025-06-30,2026-04-17,74,7,1
CUST1167,Jeffrey Barton,38,Female,Monthly,2024-06-19,2026-04-28,47,2,1
CUST1168,James Anderson,60,Other,Quarterly,2025-08-31,2026-03-06,58,2,0
CUST1169,Jack Thomas,36,Other,Monthly,2023-10-19,2026-02-27,16,3,0
CUST1170,Steven Thomas,53,Female,Quarterly,2026-02-14,2026-05-08,63,7,0
CUST1171,Stacy Arnold,33,Other,Monthly,2024-01-01,2026-02-15,19,7,1
CUST1172,Jonathan Gonzalez,53,Male,Monthly,2024-04-03,2026-02-28,36,6,1
CUST1173,Christopher King,31,Other,Monthly,2023-09-08,2026-03-10,5,10,0
CUST1174,Gabrielle Lyons,18,Male,Monthly,2025-11-19,2026-01-28,6,3,1
CUST1175,Robert Bailey,42,Male,Monthly,2025-09-07,2026-03-27,15,7,1
CUST1176,David Kim,35,Female,Monthly,2024-07-12,2026-04-20,50,3,0
CUST1177,Miguel Powers,48,Other,Monthly,2025-03-22,2026-03-23,28,3,0
CUST1178,Kim Oliver,41,Female,Quarterly,2025-01-19,2026-03-16,61,6,0
CUST1179,Michael Ross,22,Female,Monthly,2024-04-15,2026-03-17,27,1,1
CUST1180,William Jordan,32,Female,Monthly,2025-10-24,2026-02-03,15,8,0
CUST1181,Judith Romero,53,Female,Monthly,2024-07-01,2026-04-10,27,1,1
CUST1182,Yolanda Lyons,47,Male,Monthly,2024-10-05,2026-03-23,20,3,0
CUST1183,Joseph Baker,30,Female,Quarterly,2025-04-24,2026-05-04,20,5,1
CUST1184,Johnny Morris,39,Male,Quarterly,2025-05-28,2026-04-05,24,10,1
CUST1185,Susan Ryan,42,Male,Quarterly,2024-07-12,2026-04-13,26,9,0
CUST1186,John Brady,60,Female,Monthly,2025-05-04,2026-02-07,64,6,1
CUST1187,Eduardo Rodriguez,21,Other,Yearly,2026-03-07,2026-02-05,42,8,1
CUST1188,Stephanie Merritt,55,Male,Monthly,2024-01-04,2026-01-08,11,5,0
CUST1189,Emily Baker,52,Female,Monthly,2024-03-28,2026-05-06,62,4,1
CUST1190,Stephanie Sanchez,28,Other,Monthly,2025-02-24,2026-03-26,78,2,0
CUST1191,Jack Doyle,38,Female,Yearly,2025-04-27,2026-01-23,68,9,0
CUST1192,David Smith,40,Female,Monthly,2025-11-06,2026-01-13,74,8,1
CUST1193,Jessica Sandoval,56,Other,Monthly,2025-04-19,2026-01-20,35,9,0
CUST1194,Angela Jones,45,Other,Monthly,2024-02-01,2026-04-14,17,1,1
CUST1195,Jennifer Brock,20,Other,Quarterly,2024-06-24,2026-01-11,43,8,1
CUST1196,Nicholas Bradley,53,Male,Monthly,2025-04-22,2026-02-07,15,6,1
CUST1197,Nicole Smith,30,Other,Quarterly,2025-06-23,2026-03-10,69,4,0
CUST1198,Cynthia Torres,53,Male,Monthly,2025-08-01,2026-05-08,13,8,0
CUST1199,Kevin Thompson,34,Female,Monthly,2025-06-07,2026-05-03,76,9,0
CUST1200,Mitchell Whitaker,29,Other,Yearly,2026-03-17,2026-01-15,3,5,1
CUST1201,John Bryant,39,Male,Quarterly,2024-03-31,2026-05-03,68,4,1
CUST1202,Daniel Dalton,26,Female,Monthly,2024-04-24,2026-02-23,40,4,1
CUST1203,Hunter West,19,Female,Monthly,2024-08-01,2026-02-20,52,7,0
CUST1204,Tammy Dominguez,38,Other,Monthly,2024-07-22,2026-02-13,22,7,1
CUST1205,Whitney Porter,55,Female,Monthly,2024-03-06,2026-02-16,26,6,0
CUST1206,Caroline Brown,48,Other,Monthly,2025-05-13,2026-03-16,64,2,1
CUST1207,Randy Clark,26,Other,Quarterly,2025-09-06,2026-05-08,52,1,0
CUST1208,Maria Riggs,60,Male,Monthly,2026-02-22,2026-01-23,76,4,1
CUST1209,Marcus Jones,31,Other,Monthly,2025-03-13,2026-01-17,50,6,1
CUST1210,Jean Chambers,37,Female,Monthly,2025-04-24,2026-03-20,10,2,1
CUST1211,Jean Hawkins,21,Female,Monthly,2024-09-16,2026-02-27,37,5,1
CUST1212,Erin Williams,29,Female,Monthly,2025-05-03,2026-04-02,47,2,0
CUST1213,Steven Preston,58,Male,Quarterly,2025-08-05,2026-03-15,44,1,0
CUST1214,Lisa Ross,34,Female,Monthly,2025-11-14,2026-04-20,76,7,0
CUST1215,Amanda Russell,49,Other,Monthly,2024-09-19,2026-03-20,3,4,1
CUST1216,Sean Adams,24,Male,Yearly,2025-04-04,2026-05-07,39,9,0
CUST1217,Brandon Rocha,28,Other,Yearly,2025-12-05,2026-04-21,37,4,0
CUST1218,Daniel Moon,49,Female,Quarterly,2025-05-26,2026-05-03,74,10,0
CUST1219,Robert Zimmerman,31,Other,Monthly,2025-12-20,2026-04-14,30,7,0
CUST1220,Timothy Gutierrez,20,Female,Monthly,2024-07-14,2026-02-28,71,8,0
CUST1221,Alexis Wilcox MD,49,Other,Quarterly,2025-02-26,2026-02-24,38,10,0
CUST1222,Brian Reynolds,33,Other,Quarterly,2025-10-08,2026-02-10,15,10,1
CUST1223,Logan Cohen,32,Female,Monthly,2023-08-30,2026-04-18,46,4,0
CUST1224,Jennifer Smith,29,Other,Quarterly,2025-11-25,2026-01-20,22,2,1
CUST1225,Deborah Alvarez,25,Female,Monthly,2024-05-24,2026-05-03,38,9,0
CUST1226,Justin Morales,53,Female,Monthly,2025-05-11,2026-04-23,9,8,0
CUST1227,Mary Ward,37,Female,Quarterly,2025-04-07,2026-04-25,39,1,0
CUST1228,Joshua Powell,51,Male,Quarterly,2024-08-26,2026-03-29,55,3,0
CUST1229,Walter Bowman,40,Female,Quarterly,2024-01-01,2026-04-20,35,1,1
CUST1230,Dr. Tracie Butler DDS,25,Male,Monthly,2024-12-28,2026-03-26,49,7,1
CUST1231,Taylor Adams,28,Male,Quarterly,2026-02-26,2026-01-31,38,1,0
CUST1232,Veronica James,40,Female,Monthly,2026-02-21,2026-04-24,65,2,1
CUST1233,Melinda Maldonado,51,Male,Monthly,2026-02-17,2026-02-09,56,5,0
CUST1234,Timothy Francis,49,Female,Quarterly,2026-01-19,2026-01-15,26,3,0
CUST1235,Daniel Dominguez,22,Other,Yearly,2025-01-20,2026-03-05,72,2,1
CUST1236,Christopher Cooper,48,Other,Quarterly,2025-01-14,2026-04-22,11,8,1
CUST1237,Tiffany White,48,Other,Monthly,2026-02-07,2026-02-05,12,9,1
CUST1238,Linda Pratt,40,Other,Yearly,2026-02-25,2026-01-28,73,1,1
CUST1239,Adrian Anderson,18,Other,Monthly,2026-02-28,2026-03-11,46,7,1
CUST1240,John Ross,36,Female,Yearly,2024-04-28,2026-03-25,64,1,0
CUST1241,Jerry Perkins,34,Male,Quarterly,2024-12-03,2026-03-01,3,5,1
CUST1242,Tiffany Maynard,24,Female,Monthly,2023-12-18,2026-04-24,63,5,1
CUST1243,Todd Le,60,Male,Monthly,2026-01-27,2026-02-11,50,2,0
CUST1244,Natasha Woodard,39,Male,Quarterly,2026-03-06,2026-01-24,2,7,0
CUST1245,Nancy Wall,37,Other,Quarterly,2025-12-27,2026-02-24,76,8,0
CUST1246,Maria Franklin,26,Other,Monthly,2026-01-05,2026-02-15,49,6,0
CUST1247,Madison Johnson,47,Other,Monthly,2025-02-05,2026-02-23,65,5,1
CUST1248,Mariah Hernandez,20,Other,Quarterly,2023-09-19,2026-01-24,54,7,0
CUST1249,Christina Moore,32,Female,Quarterly,2025-06-13,2026-04-06,13,10,0
CUST1250,Sandra Chaney,59,Female,Monthly,2025-08-24,2026-01-15,66,8,1
CUST1251,Jonathan Vaughn,49,Female,Quarterly,2024-04-29,2026-02-16,54,10,0
CUST1252,Kelly Perez,54,Male,Monthly,2025-09-18,2026-04-21,24,7,0
CUST1253,Courtney Johnson,50,Male,Quarterly,2024-11-24,2026-02-09,54,4,0
CUST1254,Virginia Ferguson,52,Female,Yearly,2025-07-10,2026-03-17,43,5,0
CUST1255,Ethan Mason,58,Other,Monthly,2025-12-26,2026-02-16,19,1,0
CUST1256,Aaron Fischer,38,Male,Monthly,2025-04-14,2026-01-21,59,10,1
CUST1257,Chris Fitzpatrick,48,Other,Yearly,2024-03-21,2026-01-28,7,7,1
CUST1258,Brian Rodriguez,57,Male,Monthly,2023-12-22,2026-03-21,77,9,0
CUST1259,Molly Murphy,51,Female,Quarterly,2024-06-11,2026-03-16,43,4,1
CUST1260,Jessica Harper,50,Male,Monthly,2025-08-24,2026-02-22,33,2,1
CUST1261,Michael Rodriguez DDS,57,Other,Quarterly,2024-12-17,2026-04-21,27,8,0
CUST1262,Philip Mercer,29,Female,Yearly,2024-12-26,2026-04-12,29,1,1
CUST1263,Tony Spence,19,Male,Monthly,2025-08-19,2026-04-06,50,9,0
CUST1264,Kristen Barnett,48,Male,Quarterly,2023-11-17,2026-03-29,24,6,0
CUST1265,Nicole Fernandez,25,Other,Monthly,2023-09-19,2026-04-15,32,4,0
CUST1266,Angel Colon,57,Other,Quarterly,2025-04-16,2026-03-11,53,9,0
CUST1267,Kristie Joseph,57,Male,Yearly,2025-11-10,2026-04-19,68,2,0
CUST1268,Angela Day,51,Female,Monthly,2023-09-01,2026-02-25,28,9,1
CUST1269,Keith Hardin,21,Male,Quarterly,2024-05-11,2026-03-18,34,9,1
CUST1270,Michelle Hall,30,Male,Yearly,2023-09-09,2026-03-05,18,1,0
CUST1271,Kellie Myers,31,Female,Monthly,2025-06-04,2026-01-08,36,8,1
CUST1272,Diana Peterson,53,Male,Quarterly,2025-05-03,2026-01-31,47,1,1
CUST1273,Teresa Lin,34,Male,Yearly,2025-10-16,2026-02-16,37,1,1
CUST1274,Kimberly Parker,41,Other,Yearly,2025-11-11,2026-02-26,76,4,0
CUST1275,Matthew English,52,Female,Yearly,2023-08-17,2026-01-24,73,9,1
CUST1276,Denise Chung,54,Other,Quarterly,2023-10-18,2026-02-09,2,4,1
CUST1277,Hannah Hansen,36,Male,Yearly,2025-12-13,2026-05-03,60,4,0
CUST1278,Denise Foster,18,Female,Yearly,2026-03-24,2026-03-04,46,9,1
CUST1279,Holly Gonzalez,29,Female,Monthly,2023-10-23,2026-04-30,29,3,0
CUST1280,Jerry Smith,40,Female,Monthly,2025-12-30,2026-01-25,50,10,0
CUST1281,Colleen Conway,51,Other,Quarterly,2025-07-21,2026-02-26,53,4,0
CUST1282,Amanda Rogers,55,Female,Quarterly,2025-10-19,2026-05-07,45,1,0
CUST1283,Joseph Martinez,56,Female,Monthly,2025-08-27,2026-02-26,42,2,1
CUST1284,Eric Blair,57,Other,Yearly,2024-11-28,2026-01-30,31,9,0
CUST1285,Paul Hood,59,Male,Monthly,2024-10-20,2026-03-28,71,6,0
CUST1286,Connie Brooks,36,Other,Quarterly,2023-10-17,2026-02-27,16,2,0
CUST1287,Erika Davis,44,Male,Quarterly,2024-06-05,2026-05-03,22,9,0
CUST1288,Alfred Rasmussen,36,Male,Monthly,2026-03-27,2026-02-18,58,4,0
CUST1289,Christina Hill,33,Other,Yearly,2024-02-27,2026-04-03,49,5,0
CUST1290,Cynthia Vargas,42,Other,Monthly,2026-01-08,2026-02-15,80,2,1
CUST1291,Sean Deleon,21,Other,Monthly,2024-08-21,2026-04-11,58,3,0
CUST1292,Benjamin Pierce,31,Male,Quarterly,2024-05-09,2026-02-28,35,10,1
CUST1293,Frances Cohen,20,Other,Monthly,2025-03-12,2026-04-01,0,3,1
CUST1294,Tara Oconnell,24,Female,Quarterly,2024-12-04,2026-04-15,15,7,0
CUST1295,Ryan Simmons,39,Male,Yearly,2025-06-16,2026-03-23,0,2,0
CUST1296,George Sheppard,40,Male,Yearly,2025-04-28,2026-02-01,26,2,0
CUST1297,Benjamin Barnes,36,Female,Monthly,2025-04-10,2026-02-05,62,2,1
CUST1298,Carly Brown,24,Male,Quarterly,2026-01-26,2026-01-10,15,3,1
CUST1299,Sharon Ross,19,Other,Monthly,2025-04-04,2026-02-16,17,5,1
CUST1300,Lindsey Kemp,27,Other,Monthly,2025-12-20,2026-01-14,44,1,1
CUST1301,Michael Smith,22,Female,Monthly,2024-10-12,2026-03-05,20,6,1
CUST1302,Eric Grimes,27,Other,Monthly,2024-01-05,2026-03-17,19,4,0
CUST1303,David Turner,40,Other,Monthly,2025-09-16,2026-02-25,74,9,0
CUST1304,Gary Fields,35,Female,Monthly,2025-08-22,2026-03-30,37,3,0
CUST1305,Patrick Liu,24,Male,Monthly,2025-06-02,2026-04-27,16,3,1
CUST1306,Christopher Anderson,30,Other,Monthly,2025-12-31,2026-03-01,35,3,1
CUST1307,Dana Mayo,25,Other,Monthly,2025-06-05,2026-03-26,77,7,1
CUST1308,Scott Brandt,52,Male,Quarterly,2024-10-25,2026-02-25,19,7,0
CUST1309,Shane Dunn,51,Female,Monthly,2026-03-28,2026-04-09,55,10,0
CUST1310,Zachary Todd,58,Male,Yearly,2025-11-16,2026-04-18,6,10,0
CUST1311,Alexander Martin,21,Male,Quarterly,2024-05-24,2026-02-15,50,9,0
CUST1312,Kristin Gray,22,Female,Quarterly,2024-07-23,2026-04-19,17,10,0
CUST1313,Justin Moss,60,Female,Quarterly,2026-03-15,2026-03-26,25,3,1
CUST1314,Alyssa Simpson,35,Female,Quarterly,2025-01-12,2026-01-08,41,8,0
CUST1315,Jasmine Collins,35,Female,Quarterly,2024-02-25,2026-03-01,61,8,0
CUST1316,Steven Mitchell,30,Male,Yearly,2026-03-08,2026-04-22,63,5,0
CUST1317,Zachary Bond,46,Other,Monthly,2025-07-14,2026-04-07,47,3,1
CUST1318,Christine Murphy,48,Female,Monthly,2024-12-04,2026-01-08,10,10,0
CUST1319,Daniel Waters,49,Female,Quarterly,2024-02-06,2026-01-23,51,8,0
CUST1320,Rachel Moses,35,Female,Yearly,2025-12-19,2026-02-08,5,9,1
CUST1321,Elizabeth Hopkins,29,Female,Monthly,2024-12-26,2026-04-05,69,2,0
CUST1322,Garrett Garcia,28,Male,Monthly,2026-02-18,2026-02-09,45,9,1
CUST1323,Kimberly Wolfe,60,Other,Yearly,2025-06-06,2026-02-17,44,8,0
CUST1324,Thomas Mcintyre,35,Male,Yearly,2024-11-02,2026-02-14,13,1,1
CUST1325,Stephen Melton,55,Other,Quarterly,2023-11-17,2026-01-13,34,10,0
CUST1326,James Barnes,51,Female,Yearly,2023-10-04,2026-03-03,77,6,0
CUST1327,Emily Smith,54,Female,Yearly,2026-02-05,2026-04-30,5,6,0
CUST1328,Kristi Carter,31,Female,Monthly,2025-11-07,2026-04-19,46,1,0
CUST1329,Kenneth Velasquez,18,Female,Monthly,2025-10-12,2026-04-20,68,8,0
CUST1330,Michael Brewer,25,Female,Monthly,2024-04-21,2026-01-18,12,6,0
CUST1331,Joseph Cortez,50,Other,Monthly,2024-03-18,2026-03-09,55,6,0
CUST1332,Caleb Roman,56,Other,Monthly,2024-08-30,2026-04-22,58,3,1
CUST1333,Rachel Anthony,19,Other,Monthly,2023-10-14,2026-01-16,48,2,1
CUST1334,Anthony Gomez,48,Other,Monthly,2026-02-18,2026-04-10,14,3,0
CUST1335,Robert Whitaker,32,Other,Quarterly,2024-10-03,2026-01-25,47,3,1
CUST1336,Ana Reynolds,48,Other,Quarterly,2024-02-28,2026-02-24,9,2,0
CUST1337,Valerie Wright,45,Female,Yearly,2025-05-27,2026-03-14,52,3,0
CUST1338,Mrs. Kayla Anderson,57,Male,Monthly,2023-10-12,2026-04-12,56,10,0
CUST1339,Benjamin Thompson Jr.,47,Male,Monthly,2024-11-24,2026-04-20,5,5,0
CUST1340,Jennifer Delgado,35,Male,Monthly,2023-11-02,2026-03-16,23,5,0
CUST1341,Michael Yu,50,Female,Monthly,2024-10-14,2026-03-26,23,8,0
CUST1342,Christine Rogers,33,Male,Yearly,2023-11-21,2026-01-18,8,4,0
CUST1343,Jack Bell,37,Other,Monthly,2025-01-15,2026-03-11,65,7,0
CUST1344,Kent Olson,52,Female,Yearly,2024-09-06,2026-02-02,65,10,0
CUST1345,Joseph Crane,53,Female,Yearly,2024-03-30,2026-01-20,23,3,0
CUST1346,Amber Figueroa,37,Male,Monthly,2025-02-14,2026-02-04,79,8,1
CUST1347,Stephanie Sanford DDS,42,Other,Quarterly,2024-09-13,2026-03-22,69,8,1
CUST1348,Kaylee Coffey,22,Male,Monthly,2024-03-03,2026-03-26,65,6,0
CUST1349,Justin Weber,28,Male,Monthly,2025-10-31,2026-04-05,21,1,1
CUST1350,Tyler Jones,47,Female,Yearly,2025-06-10,2026-01-15,8,7,1
CUST1351,Carlos Raymond,50,Other,Monthly,2025-11-18,2026-04-07,24,6,0
CUST1352,Dr. Brenda Smith,41,Male,Yearly,2024-11-06,2026-02-02,51,7,0
CUST1353,Brandon Castro,60,Other,Quarterly,2026-02-25,2026-02-13,5,1,1
CUST1354,Ms. Abigail Nixon,60,Other,Yearly,2024-02-25,2026-03-20,24,9,0
CUST1355,Sarah Campbell,30,Other,Yearly,2025-03-21,2026-03-04,52,2,0
CUST1356,Joseph Dean,50,Male,Quarterly,2024-06-21,2026-04-18,6,2,1
CUST1357,Crystal Mendoza,26,Male,Monthly,2026-03-11,2026-02-03,73,6,1
CUST1358,Dr. Jacqueline Young,46,Other,Monthly,2024-02-16,2026-03-31,61,9,0
CUST1359,Sabrina Hughes,20,Female,Monthly,2024-06-28,2026-04-25,62,9,0
CUST1360,Daniel Daniels,38,Other,Yearly,2023-09-03,2026-01-19,54,1,0
CUST1361,Angela Wood,31,Male,Quarterly,2024-12-06,2026-03-08,41,10,0
CUST1362,William Perkins,19,Other,Quarterly,2025-01-31,2026-02-01,20,3,1
CUST1363,Andrea Peters,20,Male,Quarterly,2025-10-14,2026-02-28,67,3,0
CUST1364,Tyler Harris,30,Male,Yearly,2025-07-14,2026-02-17,46,10,1
CUST1365,Tiffany Logan,48,Female,Yearly,2024-02-05,2026-03-01,19,8,1
CUST1366,Bradley Haney,20,Male,Yearly,2026-01-28,2026-01-10,18,2,0
CUST1367,Christopher Gonzalez,32,Other,Monthly,2026-04-08,2026-03-19,79,7,0
CUST1368,Joseph Henry,53,Female,Quarterly,2023-11-04,2026-03-20,72,3,0
CUST1369,Christopher Sanchez,25,Other,Yearly,2024-04-24,2026-03-26,24,1,1
CUST1370,Douglas Hicks,33,Female,Quarterly,2024-12-08,2026-03-26,29,10,0
CUST1371,Veronica Brown,25,Female,Monthly,2025-10-02,2026-01-16,21,2,1
CUST1372,William Lopez,39,Female,Quarterly,2024-04-20,2026-02-23,3,5,0
CUST1373,Brenda Sanders,38,Female,Yearly,2023-12-31,2026-02-17,80,8,1
CUST1374,Gary Parker,26,Male,Quarterly,2025-04-19,2026-02-03,45,4,1
CUST1375,James Thomas,50,Other,Quarterly,2023-08-29,2026-01-16,70,9,1
CUST1376,Dennis Vincent,36,Other,Yearly,2023-10-24,2026-05-02,6,6,0
CUST1377,Robert Williams,47,Other,Yearly,2025-06-17,2026-04-16,11,1,0
CUST1378,Scott Rodriguez MD,45,Female,Monthly,2025-10-12,2026-02-16,79,1,1
CUST1379,Melissa Heath,26,Female,Monthly,2023-10-21,2026-03-31,43,5,0
CUST1380,Anthony Marshall,20,Male,Quarterly,2026-01-08,2026-02-13,5,4,1
CUST1381,Connie White,56,Other,Monthly,2025-07-15,2026-04-02,9,2,0
CUST1382,Sarah Morse,58,Female,Monthly,2023-10-26,2026-04-29,59,9,0
CUST1383,Patrick Church,48,Female,Quarterly,2026-04-04,2026-03-09,13,7,0
CUST1384,Diamond Murphy,48,Male,Quarterly,2026-03-04,2026-01-25,10,6,0
CUST1385,Alison Pratt,27,Male,Monthly,2024-04-04,2026-05-01,35,7,0
CUST1386,Laura Hall,59,Male,Quarterly,2024-07-21,2026-05-06,45,6,0
CUST1387,Victoria Vargas,21,Other,Quarterly,2024-07-04,2026-03-29,71,6,1
CUST1388,Tammy Rodriguez,57,Female,Quarterly,2025-07-12,2026-04-10,20,8,0
CUST1389,Donald Cohen,31,Female,Monthly,2024-07-25,2026-04-06,75,1,1
CUST1390,William Williams,45,Female,Quarterly,2025-09-28,2026-04-21,72,5,0
CUST1391,Alan Moore,29,Female,Quarterly,2024-03-25,2026-03-24,9,7,0
CUST1392,Deanna Monroe,31,Male,Quarterly,2023-08-15,2026-05-07,69,10,0
CUST1393,Crystal Reed,58,Female,Monthly,2024-07-19,2026-05-03,63,6,1
CUST1394,Louis Casey,20,Female,Yearly,2024-11-08,2026-04-06,58,6,0
CUST1395,Lawrence Hill,55,Other,Quarterly,2025-02-04,2026-02-08,37,6,0
CUST1396,Timothy Mcguire,25,Female,Monthly,2024-07-31,2026-01-27,33,1,1
CUST1397,William Morales,34,Other,Quarterly,2024-02-25,2026-04-28,63,7,0
CUST1398,Kimberly Webb,42,Male,Monthly,2026-02-13,2026-03-18,25,7,0
CUST1399,John Fuentes,57,Female,Quarterly,2024-10-07,2026-04-25,24,1,0
CUST1400,April Hardy,19,Female,Monthly,2024-08-27,2026-05-05,42,1,0
CUST1401,Leah Wang,29,Male,Monthly,2024-10-24,2026-02-18,10,8,1
CUST1402,Melanie Roberts,52,Female,Monthly,2024-02-29,2026-03-19,79,8,0
CUST1403,Lacey Chan,30,Male,Yearly,2024-10-06,2026-02-05,3,10,0
CUST1404,Luis Williams,22,Male,Monthly,2023-08-15,2026-02-25,12,6,0
CUST1405,Albert Hoffman,52,Male,Monthly,2025-07-29,2026-02-20,27,1,1
CUST1406,Jill Day,57,Male,Monthly,2024-08-26,2026-04-23,26,3,1
CUST1407,Margaret Pace,49,Male,Quarterly,2025-10-29,2026-03-15,24,10,0
CUST1408,Anne Morton,44,Male,Monthly,2024-08-11,2026-03-11,1,4,1
CUST1409,Robert Baker,40,Male,Monthly,2025-04-07,2026-03-05,78,10,0
CUST1410,Adrienne Wright,26,Female,Quarterly,2024-06-13,2026-04-29,4,2,0
CUST1411,Cody Stephenson,41,Other,Monthly,2023-12-30,2026-03-02,77,4,1
CUST1412,Cindy Foster,52,Male,Quarterly,2025-05-14,2026-02-21,72,10,0
CUST1413,Terry Ramirez,48,Female,Monthly,2024-01-08,2026-03-22,18,5,0
CUST1414,Nichole Baker,58,Female,Quarterly,2025-05-21,2026-03-31,32,10,0
CUST1415,Sharon Potts,34,Other,Yearly,2023-11-14,2026-03-04,0,6,0
CUST1416,Charles Nolan,33,Male,Yearly,2024-04-15,2026-03-19,30,6,0
CUST1417,Antonio Fry,47,Male,Monthly,2026-03-15,2026-02-18,11,7,1
CUST1418,Amanda Lyons,22,Male,Monthly,2025-09-13,2026-04-04,38,9,0
CUST1419,Amber Ramirez,45,Female,Quarterly,2025-03-24,2026-04-25,80,5,0
CUST1420,Gilbert Thomas,59,Male,Monthly,2024-04-20,2026-02-23,77,9,1
CUST1421,Ashley Carter,21,Female,Quarterly,2023-10-23,2026-02-21,15,8,0
CUST1422,Marvin Nelson,33,Other,Monthly,2025-10-29,2026-02-22,71,8,1
CUST1423,Teresa Brown,45,Other,Monthly,2024-07-18,2026-01-26,9,10,0
CUST1424,James Williamson,50,Male,Monthly,2026-01-22,2026-04-16,79,2,0
CUST1425,Patricia Sampson,53,Male,Monthly,2025-12-08,2026-01-08,54,9,1
CUST1426,Nathan Williams,25,Female,Quarterly,2024-11-06,2026-01-31,22,8,1
CUST1427,Whitney Richardson,59,Male,Monthly,2023-08-21,2026-02-15,70,9,1
CUST1428,Vickie Houston,22,Female,Quarterly,2025-01-03,2026-03-10,61,5,0
CUST1429,Justin Richardson,20,Female,Monthly,2026-03-04,2026-04-08,14,5,1
CUST1430,Steven Knight,54,Male,Quarterly,2024-04-29,2026-02-14,45,6,0
CUST1431,Lee Navarro,29,Other,Monthly,2025-05-16,2026-03-16,49,1,1
CUST1432,Dennis Stewart,60,Other,Monthly,2025-09-18,2026-04-18,42,1,0
CUST1433,Sean Medina,35,Male,Monthly,2025-03-19,2026-03-15,16,2,1
CUST1434,Lisa Mathews,45,Male,Yearly,2024-04-25,2026-04-30,8,9,0
CUST1435,Justin Parker,50,Male,Quarterly,2024-11-28,2026-04-28,41,3,1
CUST1436,Mark Anderson,39,Female,Quarterly,2025-02-25,2026-04-18,5,6,1
CUST1437,Alan Alvarez,37,Other,Yearly,2023-11-29,2026-03-19,80,10,0
CUST1438,Michelle Hernandez,44,Other,Quarterly,2025-04-23,2026-01-08,25,10,1
CUST1439,Timothy Wyatt,58,Female,Quarterly,2024-08-17,2026-01-23,0,9,1
CUST1440,Krystal Arnold,58,Other,Monthly,2023-12-17,2026-03-06,2,7,1
CUST1441,Jeffrey Hayes,46,Other,Monthly,2023-10-31,2026-04-02,5,1,1
CUST1442,Jessica Long,35,Female,Yearly,2025-10-26,2026-04-30,7,5,0
CUST1443,Justin Norris,51,Other,Monthly,2024-05-03,2026-03-31,62,8,0
CUST1444,Kaitlyn Blanchard,22,Other,Monthly,2026-04-05,2026-02-03,55,6,0
CUST1445,Nicholas Golden,19,Male,Monthly,2023-09-20,2026-04-15,31,1,1
CUST1446,Derek Phelps,37,Male,Quarterly,2024-03-05,2026-04-23,33,2,1
CUST1447,Cynthia Morales,54,Other,Yearly,2024-02-21,2026-03-29,77,8,0
CUST1448,Joseph Kim,40,Male,Monthly,2024-11-17,2026-01-21,20,6,0
CUST1449,Tyler Bush,46,Other,Yearly,2025-07-08,2026-03-02,55,7,1
CUST1450,Edwin Hall,45,Male,Monthly,2026-03-15,2026-04-28,48,3,1
CUST1451,Lisa Garcia,54,Male,Monthly,2024-07-09,2026-05-07,42,5,0
CUST1452,William Owen,49,Male,Quarterly,2023-08-23,2026-02-06,43,1,0
CUST1453,Kevin Bryant,29,Male,Quarterly,2024-05-31,2026-04-23,55,7,0
CUST1454,Mrs. Amy Mann,38,Male,Quarterly,2025-01-07,2026-04-06,70,4,0
CUST1455,William Franco,24,Male,Quarterly,2025-03-08,2026-04-26,34,8,0
CUST1456,Anna Thompson,54,Other,Yearly,2026-03-23,2026-02-08,25,9,1
CUST1457,Dawn Johnson,30,Male,Quarterly,2025-04-02,2026-03-01,24,4,1
CUST1458,Diana Scott,52,Female,Monthly,2025-11-11,2026-05-04,65,3,0
CUST1459,Isabel Gomez,39,Male,Quarterly,2024-05-30,2026-05-06,77,2,0
CUST1460,Beth Krueger,35,Male,Quarterly,2025-04-26,2026-02-01,22,3,1
CUST1461,Audrey Moore,53,Other,Yearly,2024-10-15,2026-04-19,43,5,0
CUST1462,Shawn Wang,44,Female,Yearly,2025-03-27,2026-02-15,78,7,0
CUST1463,Christopher Anderson,48,Female,Quarterly,2025-02-26,2026-04-19,20,1,0
CUST1464,Mr. Jason Roberts,35,Female,Monthly,2024-12-23,2026-01-16,66,6,0
CUST1465,Stephanie Garrett,26,Male,Monthly,2025-08-06,2026-03-01,60,6,1
CUST1466,Richard Weaver,24,Male,Yearly,2026-01-29,2026-04-04,66,6,0
CUST1467,Gregg Andrade,32,Male,Monthly,2025-05-31,2026-01-31,27,3,0
CUST1468,Lisa Hatfield,47,Female,Monthly,2024-04-06,2026-03-26,24,10,0
CUST1469,Adam Moran,59,Other,Quarterly,2024-11-08,2026-03-21,68,1,0
CUST1470,Marisa Wu,32,Male,Monthly,2024-11-02,2026-01-14,70,2,1
CUST1471,April Fischer,46,Male,Monthly,2024-03-31,2026-04-03,65,8,0
CUST1472,Eric Phillips,50,Other,Quarterly,2025-02-06,2026-03-02,76,8,0
CUST1473,Christopher Kelly,40,Male,Yearly,2023-09-13,2026-02-17,36,6,1
CUST1474,Victoria Johnson,53,Other,Monthly,2023-11-23,2026-01-25,49,7,0
CUST1475,Brandy Adams,51,Other,Quarterly,2023-11-21,2026-03-09,62,1,1
CUST1476,Valerie Davis,39,Other,Quarterly,2025-08-13,2026-04-13,19,5,0
CUST1477,Jacqueline Gray,58,Other,Quarterly,2023-09-22,2026-03-18,19,6,0
CUST1478,Michael Cunningham,47,Male,Monthly,2024-01-10,2026-01-10,63,3,0
CUST1479,Jerome Grant,28,Female,Monthly,2024-08-05,2026-03-15,59,3,0
CUST1480,David Petersen,40,Female,Monthly,2025-11-20,2026-02-08,72,4,0
CUST1481,Matthew Ford,50,Male,Monthly,2025-05-15,2026-03-19,35,7,0
CUST1482,Janet Cabrera,41,Other,Monthly,2024-05-21,2026-01-23,66,8,0
CUST1483,Heather Lewis,54,Male,Monthly,2023-10-21,2026-02-11,63,9,0
CUST1484,Dustin Rhodes,30,Female,Quarterly,2024-03-08,2026-02-01,40,7,1
CUST1485,Lori Giles,40,Female,Quarterly,2024-07-30,2026-02-25,12,1,0
CUST1486,James Ortiz,41,Other,Yearly,2024-04-11,2026-01-10,8,7,0
CUST1487,Deborah Soto PhD,33,Other,Yearly,2024-12-06,2026-01-24,74,5,0
CUST1488,Michael Whitney,43,Female,Monthly,2024-07-20,2026-03-09,0,9,0
CUST1489,Sheri Nguyen,23,Male,Quarterly,2025-11-12,2026-02-10,60,3,1
CUST1490,Jennifer Watson,21,Female,Monthly,2025-03-13,2026-04-12,69,6,0
CUST1491,Alexis Costa,34,Other,Quarterly,2023-12-11,2026-04-13,18,2,0
CUST1492,Tina Reed,42,Male,Monthly,2026-01-06,2026-01-26,51,1,1
CUST1493,Christopher Taylor,52,Male,Yearly,2023-12-13,2026-04-08,38,5,0
CUST1494,Carl Carpenter,35,Male,Monthly,2024-07-24,2026-05-06,18,9,1
CUST1495,Christine Harrell,34,Male,Monthly,2025-05-21,2026-05-08,19,1,1
CUST1496,Christopher Bennett,35,Male,Monthly,2024-08-27,2026-05-02,20,8,1
CUST1497,Zachary Vance,38,Female,Monthly,2025-12-31,2026-04-19,48,9,0
CUST1498,Todd Bauer,58,Other,Quarterly,2025-03-30,2026-01-31,18,2,1
CUST1499,Patricia Davies,60,Female,Quarterly,2024-07-23,2026-04-03,46,5,0
CUST1500,Nancy Martin,29,Other,Monthly,2024-12-16,2026-01-09,73,5,0
CUST1501,Henry Acosta,39,Other,Monthly,2025-08-26,2026-01-31,26,7,0
CUST1502,Shawn Carter,46,Other,Monthly,2025-07-14,2026-03-06,65,2,1
CUST1503,Christian Villarreal,21,Male,Monthly,2025-10-01,2026-02-10,38,3,1
CUST1504,Kirk Lee,24,Female,Yearly,2026-03-11,2026-04-24,34,1,1
CUST1505,Barbara Bentley,45,Other,Monthly,2025-08-20,2026-01-08,64,6,0
CUST1506,Stephen Mitchell,36,Male,Monthly,2025-12-01,2026-03-12,71,2,0
CUST1507,Tara Martinez,31,Male,Monthly,2024-11-09,2026-04-13,43,9,0
CUST1508,Kelly Everett,44,Female,Yearly,2025-02-25,2026-04-13,31,7,0
CUST1509,Jeremy Grant,31,Other,Yearly,2025-05-12,2026-02-20,29,9,1
CUST1510,Barry Hernandez,56,Female,Monthly,2023-11-01,2026-03-08,34,1,1
CUST1511,Christopher Lopez,26,Male,Quarterly,2025-08-28,2026-04-15,9,7,0
CUST1512,Deanna Mcfarland,49,Other,Monthly,2025-07-14,2026-01-25,10,8,1
CUST1513,Lauren Mcdaniel,37,Other,Monthly,2024-11-29,2026-03-04,34,5,1
CUST1514,Joseph Jackson,43,Other,Quarterly,2025-09-10,2026-05-01,11,6,0
CUST1515,Charles Walker,25,Female,Monthly,2025-01-20,2026-04-01,31,8,0
CUST1516,Jennifer Mitchell,59,Male,Yearly,2025-01-23,2026-03-02,32,2,0
CUST1517,Briana Kennedy,37,Other,Yearly,2025-09-22,2026-04-06,61,6,0
CUST1518,Dwayne Wilkins,60,Other,Monthly,2026-02-24,2026-02-20,43,7,0
CUST1519,Tyler Fox,59,Other,Monthly,2024-11-16,2026-04-11,24,6,0
CUST1520,Daniel Parker,42,Other,Quarterly,2025-08-07,2026-03-16,47,1,0
CUST1521,Noah Jordan,57,Female,Yearly,2023-10-01,2026-02-28,24,3,0
CUST1522,Denise Harrison,52,Male,Monthly,2024-03-24,2026-02-22,11,5,0
CUST1523,Christopher Fleming,56,Male,Quarterly,2025-11-09,2026-01-11,44,2,1
CUST1524,Bailey Martinez,29,Male,Monthly,2024-11-07,2026-03-07,18,4,1
CUST1525,Dr. Luis Chavez,22,Other,Monthly,2024-08-17,2026-01-23,52,4,1
CUST1526,Christopher Alvarez,21,Female,Monthly,2024-11-13,2026-05-02,47,6,0
CUST1527,Matthew King,30,Other,Monthly,2023-12-01,2026-04-08,26,4,0
CUST1528,Dylan Barnett,19,Female,Yearly,2025-07-11,2026-02-16,7,7,0
CUST1529,Jacob Oneal,42,Male,Monthly,2024-10-12,2026-02-07,32,3,1
CUST1530,Emily Lane,42,Male,Monthly,2024-12-04,2026-02-25,44,5,0
CUST1531,Lynn Lewis,56,Male,Quarterly,2025-08-30,2026-04-28,39,10,0
CUST1532,Richard Wright,36,Female,Monthly,2024-08-31,2026-04-28,20,10,0
CUST1533,Stacy Brown,24,Male,Monthly,2024-01-23,2026-05-01,20,8,1
CUST1534,Scott Gamble,49,Female,Quarterly,2023-11-06,2026-05-04,36,3,1
CUST1535,Samantha Cook,23,Female,Monthly,2026-03-04,2026-03-31,79,10,1
CUST1536,Elizabeth Martinez,59,Other,Quarterly,2025-10-25,2026-02-27,79,6,1
CUST1537,Jimmy Lara,29,Female,Quarterly,2024-12-25,2026-04-27,17,6,0
CUST1538,Steven Greene,53,Other,Monthly,2024-01-16,2026-03-02,10,6,0
CUST1539,Kayla Murphy,45,Male,Monthly,2025-07-20,2026-01-23,4,9,1
CUST1540,Erin Wilson,36,Male,Monthly,2024-12-13,2026-04-28,42,2,0
CUST1541,Andrew Newman,22,Other,Yearly,2024-04-03,2026-03-08,47,2,0
CUST1542,Stephanie Marshall,23,Other,Monthly,2023-10-01,2026-02-08,7,10,1
CUST1543,Shane Schultz,37,Female,Monthly,2025-09-29,2026-03-11,13,9,0
CUST1544,Wayne Gomez,34,Male,Monthly,2024-05-15,2026-02-23,43,2,1
CUST1545,Christian Brown,48,Female,Yearly,2023-08-21,2026-02-06,62,5,1
CUST1546,Rebecca Smith,32,Other,Monthly,2026-02-24,2026-02-14,25,3,1
CUST1547,Julia Bailey,39,Male,Quarterly,2024-02-09,2026-05-06,79,7,1
CUST1548,Thomas Shields,21,Other,Monthly,2024-10-04,2026-03-29,74,6,0
CUST1549,Megan Cantu,42,Other,Quarterly,2026-03-23,2026-02-27,79,2,0
CUST1550,Tammy Li,44,Other,Monthly,2024-03-26,2026-01-08,76,8,0
CUST1551,Kayla Smith,57,Male,Monthly,2025-01-06,2026-03-14,9,6,0
CUST1552,Daniel Lee,34,Male,Quarterly,2026-04-06,2026-02-21,33,2,1
CUST1553,Amy Bird,38,Male,Monthly,2024-02-08,2026-04-07,2,6,0
CUST1554,James Rangel,56,Female,Monthly,2024-04-10,2026-03-03,23,7,0
CUST1555,Terry Yang,25,Female,Quarterly,2023-11-04,2026-05-08,54,2,1
CUST1556,Carolyn Ball,50,Other,Monthly,2026-02-05,2026-03-04,37,1,1
CUST1557,Stephen Stevens,27,Female,Monthly,2025-01-16,2026-01-10,67,7,1
CUST1558,Regina Perez,19,Male,Monthly,2024-03-16,2026-02-10,15,1,0
CUST1559,Mark Miller,48,Female,Monthly,2023-11-06,2026-03-13,38,2,0
CUST1560,Mary Lopez,48,Male,Yearly,2025-11-02,2026-04-28,27,4,1
CUST1561,Jason Pham,18,Female,Monthly,2025-09-22,2026-03-29,27,5,0
CUST1562,Kelly Wright,26,Other,Monthly,2024-05-15,2026-03-27,6,3,0
CUST1563,Timothy Palmer,22,Female,Yearly,2026-01-11,2026-02-15,17,3,0
CUST1564,Victoria Lambert,53,Female,Monthly,2024-01-23,2026-04-30,77,10,0
CUST1565,Juan Gonzalez,50,Male,Monthly,2024-04-20,2026-03-03,43,2,0
CUST1566,Mark Foster,48,Male,Quarterly,2023-11-12,2026-04-10,33,5,0
CUST1567,Pamela Morris,41,Other,Yearly,2026-03-10,2026-02-10,52,2,1
CUST1568,Ronald Powell,41,Other,Monthly,2026-02-14,2026-01-09,50,2,1
CUST1569,Krystal Knight,49,Other,Monthly,2026-03-18,2026-04-18,42,10,0
CUST1570,Alejandro Buckley,59,Male,Monthly,2024-03-27,2026-02-21,66,6,1
CUST1571,Miss Sandra Gonzales DDS,39,Male,Monthly,2025-06-06,2026-02-24,11,7,0
CUST1572,Erin Johnson,41,Male,Monthly,2025-09-02,2026-05-05,18,8,0
CUST1573,Sara Mccarty,19,Male,Monthly,2026-02-10,2026-04-09,28,6,1
CUST1574,Andrew Lane,24,Female,Monthly,2025-10-03,2026-03-11,24,6,0
CUST1575,Mrs. Tara Diaz,51,Male,Monthly,2024-02-03,2026-03-11,60,5,0
CUST1576,Renee Tucker,50,Other,Monthly,2024-03-15,2026-02-05,23,8,0
CUST1577,Wayne Gilbert,38,Other,Monthly,2024-05-30,2026-01-24,65,10,1
CUST1578,David Bass,54,Female,Monthly,2024-05-11,2026-01-25,80,9,1
CUST1579,Angela Wall,57,Male,Quarterly,2023-09-26,2026-03-22,18,7,0
CUST1580,Matthew Anderson,28,Female,Yearly,2025-01-28,2026-04-20,36,6,0
CUST1581,Amy Brewer,56,Male,Monthly,2024-06-02,2026-04-15,49,9,0
CUST1582,Sheila Jensen,51,Male,Yearly,2023-08-14,2026-01-10,52,8,0
CUST1583,Darrell Gomez,57,Female,Monthly,2024-10-30,2026-03-17,49,9,0
CUST1584,Christopher Taylor,18,Female,Monthly,2024-10-02,2026-02-10,68,8,0
CUST1585,Meagan Moore,20,Male,Monthly,2023-10-14,2026-03-17,39,6,0
CUST1586,Juan Mitchell,40,Female,Monthly,2025-09-21,2026-01-08,11,3,1
CUST1587,Jose Miller,28,Male,Yearly,2025-01-12,2026-04-18,75,2,1
CUST1588,Patrick Calhoun,27,Male,Monthly,2024-07-02,2026-05-03,40,7,0
CUST1589,Stacey Robbins,19,Female,Monthly,2024-04-20,2026-03-18,53,10,0
CUST1590,Jamie Coffey DDS,47,Other,Quarterly,2024-08-30,2026-03-16,32,4,0
CUST1591,Carlos Grant,19,Other,Yearly,2025-10-24,2026-02-11,18,7,0
CUST1592,Melissa Jackson,46,Other,Monthly,2025-03-26,2026-02-04,73,2,1
CUST1593,Brenda Tucker,26,Female,Monthly,2025-05-06,2026-01-31,55,8,0
CUST1594,Brian Wolfe,43,Female,Quarterly,2024-01-10,2026-03-05,64,6,1
CUST1595,Nancy Smith,54,Other,Monthly,2024-07-05,2026-04-22,50,4,1
CUST1596,Jason Dixon,49,Other,Monthly,2024-01-01,2026-05-05,26,9,1
CUST1597,Anthony Schneider,32,Female,Monthly,2025-07-27,2026-03-12,79,4,0
CUST1598,Jennifer Gregory,28,Male,Yearly,2025-02-14,2026-04-25,68,10,0
CUST1599,Seth Mccarthy Jr.,19,Other,Monthly,2024-02-01,2026-04-03,59,8,0
CUST1600,Christine Contreras,49,Male,Monthly,2024-05-09,2026-02-08,62,6,1
CUST1601,Charles Lopez,43,Male,Yearly,2024-06-01,2026-04-27,78,2,1
CUST1602,Michelle Mccarty,31,Female,Quarterly,2024-03-30,2026-02-20,59,8,1
CUST1603,Christine Gardner,19,Female,Quarterly,2026-02-05,2026-03-01,8,2,1
CUST1604,Katelyn Brooks,22,Male,Quarterly,2023-11-18,2026-03-19,33,9,0
CUST1605,Angela Mendoza,41,Male,Monthly,2024-12-23,2026-03-09,54,8,0
CUST1606,Sherry Phillips,29,Female,Monthly,2026-04-02,2026-01-21,29,10,1
CUST1607,Emily Webster,55,Male,Monthly,2024-10-24,2026-04-20,41,1,1
CUST1608,Julie Robinson,59,Female,Quarterly,2024-08-14,2026-01-10,49,2,1
CUST1609,Walter Hubbard,26,Male,Yearly,2024-08-01,2026-01-29,56,9,0
CUST1610,Natasha Kennedy,55,Female,Monthly,2025-08-13,2026-03-31,51,3,1
CUST1611,Jennifer Ochoa,18,Male,Quarterly,2025-11-12,2026-04-30,56,1,1
CUST1612,Brandy Patton,47,Female,Quarterly,2024-01-18,2026-03-15,57,5,0
CUST1613,Brandon Martinez,33,Other,Monthly,2023-09-08,2026-01-15,16,9,0
CUST1614,Sara Terrell,32,Female,Yearly,2025-07-15,2026-03-05,72,8,0
CUST1615,Cody Rodgers,43,Male,Monthly,2023-08-24,2026-02-03,36,2,1
CUST1616,Sarah Walker,46,Other,Quarterly,2026-03-22,2026-01-24,26,6,0
CUST1617,Martin Hammond,57,Female,Monthly,2024-08-27,2026-01-19,8,3,0
CUST1618,Cheryl Thompson,60,Other,Monthly,2025-03-07,2026-04-04,73,5,1
CUST1619,Marcus Rodriguez,35,Other,Yearly,2025-04-13,2026-02-03,72,4,0
CUST1620,Laurie Pierce,31,Male,Monthly,2025-12-16,2026-01-13,65,8,0
CUST1621,David Harrington,43,Female,Monthly,2026-02-18,2026-01-26,46,3,1
CUST1622,Katelyn Figueroa,36,Female,Yearly,2025-04-19,2026-04-20,27,8,0
CUST1623,Elizabeth Smith,52,Female,Monthly,2026-01-21,2026-05-01,66,5,0
CUST1624,Adrian Sullivan II,32,Other,Quarterly,2025-01-13,2026-03-26,17,2,0
CUST1625,Michele Pena,30,Other,Yearly,2026-01-17,2026-04-26,25,8,0
CUST1626,Melissa Burton,18,Male,Quarterly,2026-01-07,2026-04-22,41,1,0
CUST1627,Deborah Hall,49,Female,Monthly,2025-04-20,2026-05-04,49,2,0
CUST1628,Vickie Cohen,31,Male,Quarterly,2024-07-04,2026-03-28,11,9,0
CUST1629,Jacob Roberts,43,Other,Quarterly,2026-02-11,2026-04-08,80,4,1
CUST1630,Dominic Long,60,Other,Quarterly,2025-10-09,2026-03-30,79,4,0
CUST1631,Albert Vaughn PhD,23,Other,Yearly,2024-07-17,2026-01-13,35,2,0
CUST1632,Derrick Parker,53,Male,Quarterly,2024-12-16,2026-02-05,46,10,0
CUST1633,Valerie Galloway,53,Male,Monthly,2024-08-14,2026-04-20,1,2,1
CUST1634,Ashley Jennings,44,Other,Monthly,2024-12-21,2026-03-05,2,2,1
CUST1635,Hunter King,37,Female,Quarterly,2024-06-10,2026-02-14,13,8,0
CUST1636,Mark Tran,57,Female,Monthly,2025-01-18,2026-01-31,60,1,1
CUST1637,Candace Mejia,44,Male,Quarterly,2024-08-01,2026-02-06,73,6,1
CUST1638,Connor Ramirez,49,Other,Monthly,2024-05-01,2026-02-22,42,1,1
CUST1639,Jason Richard,41,Male,Monthly,2025-08-01,2026-01-29,47,4,1
CUST1640,Kevin Johnson,54,Male,Yearly,2023-08-20,2026-02-10,46,2,1
CUST1641,John Davis,49,Male,Quarterly,2023-08-21,2026-04-15,51,6,0
CUST1642,Christina Wilson,21,Female,Monthly,2025-09-04,2026-05-03,24,7,0
CUST1643,Brooke Miller,58,Female,Monthly,2024-01-28,2026-03-06,69,8,0
CUST1644,Randy Hamilton,19,Other,Monthly,2023-10-21,2026-02-21,6,2,1
CUST1645,David Henry,21,Female,Monthly,2023-11-21,2026-04-01,74,5,0
CUST1646,Anthony Baker,52,Other,Quarterly,2024-05-31,2026-01-11,62,3,0
CUST1647,Jesse Butler,42,Other,Monthly,2025-05-13,2026-03-18,46,9,0
CUST1648,Dr. Anthony Gates DDS,34,Female,Quarterly,2024-06-18,2026-03-23,80,10,0
CUST1649,Christina Preston,24,Other,Quarterly,2025-11-02,2026-03-24,44,7,0
CUST1650,Luke Roberts,48,Male,Monthly,2026-01-08,2026-01-14,9,3,1
CUST1651,Justin Shepherd,44,Female,Monthly,2026-03-21,2026-03-23,76,1,1
CUST1652,Harold Jackson,29,Other,Quarterly,2024-03-03,2026-04-07,28,8,0
CUST1653,Mrs. Patricia Mann DDS,42,Male,Monthly,2024-08-18,2026-01-19,72,10,1
CUST1654,Alexander Green,39,Male,Monthly,2024-11-16,2026-01-17,60,1,0
CUST1655,Elizabeth Collins,54,Other,Quarterly,2023-11-27,2026-04-13,29,6,0
CUST1656,David Kane,41,Female,Monthly,2025-04-08,2026-03-10,22,8,1
CUST1657,Steven Schmidt,32,Other,Monthly,2024-10-08,2026-01-09,43,8,1
CUST1658,Scott Lloyd,37,Other,Monthly,2024-09-24,2026-04-16,19,1,0
CUST1659,Nicholas Bradshaw,40,Female,Monthly,2024-08-08,2026-03-14,6,4,0
CUST1660,Lori Pena,21,Male,Yearly,2023-09-26,2026-01-29,29,10,1
CUST1661,Darius Clark,47,Male,Quarterly,2025-07-27,2026-03-19,20,5,0
CUST1662,Molly Mathis,45,Male,Yearly,2023-10-28,2026-04-17,48,7,0
CUST1663,Kim Ramos,44,Male,Quarterly,2023-09-05,2026-02-12,9,8,0
CUST1664,Jonathan Foster,29,Other,Yearly,2025-04-25,2026-02-19,37,8,0
CUST1665,Jason Hill,48,Male,Monthly,2024-12-28,2026-02-16,78,1,1
CUST1666,Derek Bowman,44,Male,Yearly,2023-11-28,2026-03-07,57,4,0
CUST1667,Michael Zamora,55,Male,Monthly,2023-12-27,2026-04-08,77,3,0
CUST1668,Kimberly Brown,45,Other,Quarterly,2025-10-15,2026-02-17,21,1,1
CUST1669,Joshua Cooper,60,Other,Yearly,2025-05-02,2026-05-08,9,7,0
CUST1670,David Humphrey,26,Female,Yearly,2024-11-29,2026-02-13,70,6,1
CUST1671,Christine James,37,Female,Monthly,2024-09-07,2026-01-09,50,5,1
CUST1672,Kevin Rodriguez,52,Male,Monthly,2024-11-01,2026-02-27,0,8,0
CUST1673,William Bender,32,Other,Monthly,2023-11-05,2026-04-08,45,4,1
CUST1674,Ryan Riley,33,Male,Monthly,2026-01-22,2026-03-11,26,1,0
CUST1675,Hunter Chambers,45,Other,Quarterly,2023-10-06,2026-04-11,41,10,1
CUST1676,Brittney Moore,56,Female,Yearly,2025-07-30,2026-01-10,78,10,0
CUST1677,Michael Watkins,46,Other,Quarterly,2024-07-19,2026-01-11,18,7,1
CUST1678,Cory Blackburn,40,Female,Quarterly,2025-06-08,2026-05-03,46,8,0
CUST1679,Andrea Miller,26,Female,Monthly,2024-02-19,2026-01-12,50,9,1
CUST1680,Corey Anderson,30,Other,Yearly,2025-10-15,2026-01-26,79,3,0
CUST1681,Dennis Williams,39,Male,Quarterly,2024-09-18,2026-03-07,10,1,1
CUST1682,Ruben Green,38,Other,Monthly,2023-11-26,2026-02-11,59,2,1
CUST1683,Justin Pugh,60,Male,Yearly,2025-08-30,2026-03-06,78,4,1
CUST1684,Diane Thornton,28,Other,Monthly,2025-12-28,2026-02-19,35,2,1
CUST1685,Jesus Dodson,19,Female,Quarterly,2026-03-13,2026-03-26,43,7,0
CUST1686,Jacqueline Fuller,28,Female,Yearly,2025-07-13,2026-03-10,1,9,1
CUST1687,Stephanie Chapman,46,Female,Yearly,2025-01-12,2026-01-30,62,6,1
CUST1688,April Morris,21,Male,Monthly,2024-10-19,2026-02-28,55,3,1
CUST1689,Samuel Brown,29,Female,Monthly,2025-03-03,2026-02-12,13,8,0
CUST1690,Heidi Walsh,40,Other,Monthly,2024-10-07,2026-01-17,69,5,0
CUST1691,Kristi Haynes,34,Other,Monthly,2025-05-17,2026-03-25,74,4,1
CUST1692,Jessica Mckenzie,26,Other,Quarterly,2025-12-19,2026-01-24,41,4,1
CUST1693,Terry Robinson,26,Male,Monthly,2023-08-12,2026-03-03,65,5,0
CUST1694,Linda Gomez,19,Male,Monthly,2023-08-22,2026-02-23,14,1,1
CUST1695,Kathleen Herman,56,Male,Quarterly,2024-03-14,2026-03-03,65,4,1
CUST1696,Alejandro Stokes,42,Other,Yearly,2024-05-17,2026-05-05,68,3,1
CUST1697,Luke Johnson,20,Other,Monthly,2024-06-12,2026-04-18,67,7,1
CUST1698,Brandon Mack,19,Female,Yearly,2026-01-16,2026-04-29,22,9,1
CUST1699,Brandy Hall,45,Female,Yearly,2025-11-29,2026-03-06,20,7,0
CUST1700,James Thomas,36,Female,Monthly,2024-08-07,2026-04-26,64,2,1
CUST1701,Robert Johnson,54,Male,Monthly,2024-07-30,2026-04-22,25,1,1
CUST1702,Ashley Gaines,49,Other,Monthly,2025-02-14,2026-01-14,37,7,0
CUST1703,Kathy Hernandez,57,Female,Yearly,2024-10-07,2026-02-16,74,8,0
CUST1704,Michael Horn,18,Other,Yearly,2025-02-14,2026-01-18,79,2,1
CUST1705,Charles Boyd,46,Male,Yearly,2024-05-09,2026-01-18,56,8,0
CUST1706,Roger Brown,56,Other,Monthly,2025-01-30,2026-05-04,0,8,0
CUST1707,Marie Contreras,48,Female,Monthly,2025-06-09,2026-03-02,77,6,0
CUST1708,Jamie Drake,50,Male,Quarterly,2026-01-07,2026-02-05,43,2,1
CUST1709,Jacob Wallace,18,Male,Monthly,2023-10-02,2026-02-16,50,4,1
CUST1710,Timothy Chen,18,Female,Yearly,2025-04-09,2026-04-04,75,1,0
CUST1711,Susan Montgomery,29,Male,Yearly,2023-12-19,2026-03-14,15,4,0
CUST1712,Brooke King,45,Other,Monthly,2024-01-28,2026-05-01,6,1,0
CUST1713,Michael Kelly,53,Male,Quarterly,2024-04-14,2026-03-18,54,3,1
CUST1714,Kristine Short,29,Other,Yearly,2025-04-11,2026-01-29,43,3,0
CUST1715,Michael Cummings,31,Female,Quarterly,2024-07-11,2026-02-11,47,7,0
CUST1716,Leah Stone,46,Male,Monthly,2025-03-03,2026-03-05,30,2,0
CUST1717,Daniel Fleming,20,Male,Monthly,2025-10-26,2026-02-26,25,9,1
CUST1718,Brittany Burton,40,Female,Monthly,2025-04-26,2026-02-16,50,2,1
CUST1719,Jonathan Ramirez,58,Other,Quarterly,2023-11-12,2026-01-13,36,10,1
CUST1720,Jennifer Wright,53,Male,Monthly,2025-02-02,2026-04-01,15,10,1
CUST1721,Megan Herman,59,Other,Yearly,2025-01-02,2026-04-22,29,3,0
CUST1722,Christopher Mcdonald,32,Male,Quarterly,2026-04-07,2026-04-03,17,7,0
CUST1723,Charlotte Ross,52,Other,Yearly,2025-12-30,2026-01-17,69,9,0
CUST1724,Daniel Rodriguez,38,Other,Quarterly,2025-03-30,2026-04-01,76,6,0
CUST1725,Cynthia Davis,21,Other,Yearly,2025-08-28,2026-03-28,22,10,0
CUST1726,Sarah Fuller,30,Other,Monthly,2025-04-30,2026-04-14,79,6,0
CUST1727,Dana Leonard,29,Other,Yearly,2025-03-07,2026-01-19,54,10,0
CUST1728,Connie Lewis,19,Other,Monthly,2025-06-15,2026-04-09,14,5,0
CUST1729,Jason Smith,24,Other,Monthly,2024-09-25,2026-03-12,55,7,0
CUST1730,Christopher Hardin,51,Female,Quarterly,2025-05-20,2026-04-07,65,1,0
CUST1731,Christopher King DDS,30,Male,Yearly,2024-12-28,2026-01-23,56,8,1
CUST1732,Dustin Hamilton,25,Male,Monthly,2023-10-07,2026-01-08,20,6,0
CUST1733,Alexandria Edwards,29,Female,Quarterly,2024-09-25,2026-01-10,37,8,0
CUST1734,Felicia Gilbert,57,Female,Monthly,2025-01-23,2026-01-26,17,4,1
CUST1735,Hayley Reyes,57,Female,Monthly,2025-01-20,2026-04-05,50,3,0
CUST1736,Tina Knight,51,Other,Monthly,2025-08-11,2026-03-15,22,2,1
CUST1737,Robert Ortiz,22,Female,Quarterly,2025-10-17,2026-01-28,43,1,1
CUST1738,Cheryl Howell,34,Male,Monthly,2025-08-24,2026-05-01,26,6,0
CUST1739,Alec Alvarez,37,Male,Yearly,2023-12-31,2026-02-25,57,7,0
CUST1740,Jeffery Campbell,60,Other,Monthly,2025-08-04,2026-04-22,12,2,1
CUST1741,Claire Adams,46,Other,Yearly,2024-01-26,2026-02-04,26,9,0
CUST1742,Cathy Stark,46,Male,Yearly,2024-11-20,2026-01-28,19,6,0
CUST1743,Rachel Russell,27,Male,Quarterly,2025-10-19,2026-01-20,42,4,1
CUST1744,Kara Grant,48,Male,Yearly,2024-03-14,2026-03-28,50,2,1
CUST1745,Margaret Juarez,52,Male,Quarterly,2026-01-15,2026-03-02,71,10,0
CUST1746,Natasha Johnson,33,Female,Yearly,2025-01-14,2026-02-28,32,6,0
CUST1747,Sara Castillo,55,Male,Quarterly,2026-02-07,2026-01-30,65,2,0
CUST1748,Brian Morales,48,Female,Monthly,2025-12-04,2026-03-27,16,9,0
CUST1749,Margaret Johnson,41,Other,Monthly,2025-08-12,2026-04-28,4,8,1
CUST1750,Tyler Kelley,45,Male,Monthly,2025-06-06,2026-01-31,69,10,1
CUST1751,Michael Ford,26,Male,Monthly,2023-08-22,2026-05-03,46,8,0
CUST1752,Yvonne Dunn,23,Male,Quarterly,2024-02-16,2026-02-17,10,9,1
CUST1753,Elizabeth White,47,Other,Quarterly,2024-01-04,2026-04-12,79,8,0
CUST1754,Heather Ferguson,26,Other,Monthly,2024-04-18,2026-02-07,78,9,1
CUST1755,Alex Miller,38,Male,Monthly,2024-03-05,2026-04-03,63,9,1
CUST1756,Evan Mendoza,24,Female,Yearly,2023-09-17,2026-03-07,56,7,0
CUST1757,Randall Mendoza,45,Other,Monthly,2025-09-29,2026-02-15,19,6,1
CUST1758,Connie Welch,24,Male,Monthly,2025-10-12,2026-03-23,77,3,1
CUST1759,Joel Chan,18,Male,Quarterly,2023-09-27,2026-03-18,25,6,0
CUST1760,Cindy White,36,Male,Monthly,2023-11-05,2026-04-14,11,8,0
CUST1761,Joshua Franklin,25,Other,Quarterly,2024-10-26,2026-01-14,6,2,1
CUST1762,Billy Walker,51,Other,Monthly,2024-06-29,2026-01-27,40,9,0
CUST1763,Tony Mills,58,Male,Quarterly,2026-03-27,2026-03-31,37,6,1
CUST1764,Cynthia Romero,48,Male,Quarterly,2024-10-04,2026-01-23,69,6,1
CUST1765,Jennifer Robinson,32,Other,Quarterly,2026-01-26,2026-04-22,50,3,1
CUST1766,Jennifer Bautista,32,Other,Yearly,2024-08-21,2026-02-13,29,1,1
CUST1767,Ronald Reyes,60,Other,Monthly,2024-09-27,2026-03-22,19,9,0
CUST1768,Donna Alvarez,41,Male,Monthly,2024-07-07,2026-03-11,30,5,0
CUST1769,Marisa Luna,30,Female,Monthly,2023-10-18,2026-01-21,73,1,1
CUST1770,Brandon Hill,50,Other,Monthly,2026-02-17,2026-03-30,8,8,1
CUST1771,Jonathan Olson,33,Female,Quarterly,2024-09-13,2026-04-25,63,9,0
CUST1772,Stacy Mclaughlin,52,Male,Monthly,2025-10-27,2026-05-04,59,3,1
CUST1773,Joshua Richardson,25,Other,Monthly,2025-10-14,2026-01-14,13,3,1
CUST1774,Cheryl Gordon,20,Male,Quarterly,2024-12-23,2026-03-18,57,7,1
CUST1775,Daniel Lane,55,Female,Quarterly,2025-03-27,2026-05-06,32,9,0
CUST1776,Robert Underwood,50,Male,Quarterly,2023-12-02,2026-03-09,27,8,0
CUST1777,Daniel Cline,27,Male,Monthly,2025-11-02,2026-04-24,76,5,1
CUST1778,Scott Russell,59,Male,Monthly,2024-01-10,2026-02-04,73,5,0
CUST1779,Stephen Morgan,46,Male,Yearly,2025-10-09,2026-03-04,20,5,0
CUST1780,Roberto Coleman,31,Male,Yearly,2025-09-12,2026-04-07,48,7,0
CUST1781,Jon Evans,26,Female,Monthly,2024-03-12,2026-02-10,13,9,0
CUST1782,Katrina Day,18,Female,Quarterly,2024-04-14,2026-04-14,24,2,0
CUST1783,Benjamin Rodriguez,29,Male,Yearly,2024-06-18,2026-02-16,20,5,0
CUST1784,Amanda Alexander,32,Male,Monthly,2025-07-24,2026-01-21,6,6,1
CUST1785,Jessica Pierce,32,Female,Quarterly,2026-03-04,2026-01-10,9,10,0
CUST1786,Patrick Barnes,44,Other,Yearly,2023-12-21,2026-03-10,44,4,0
CUST1787,Danielle Yates,19,Other,Quarterly,2025-02-17,2026-03-20,68,5,1
CUST1788,Gina Davis,18,Female,Quarterly,2024-05-30,2026-04-16,65,9,1
CUST1789,Christopher Norman,21,Female,Quarterly,2025-05-02,2026-01-18,34,10,1
CUST1790,James Mason,24,Female,Monthly,2024-08-12,2026-03-26,79,10,0
CUST1791,Thomas Adkins,25,Female,Quarterly,2025-11-13,2026-05-07,26,6,0
CUST1792,Ross Lopez,50,Female,Yearly,2025-01-26,2026-02-06,19,1,0
CUST1793,Kristin Reynolds MD,34,Male,Monthly,2024-08-07,2026-03-16,40,10,0
CUST1794,Julie Richardson,25,Female,Monthly,2024-09-07,2026-04-19,55,8,0
CUST1795,Amanda Ruiz,33,Male,Yearly,2026-03-19,2026-02-10,46,2,1
CUST1796,Amy Mitchell,35,Other,Monthly,2026-01-31,2026-03-02,20,2,1
CUST1797,Walter Martin,35,Female,Monthly,2025-06-16,2026-01-29,48,8,0
CUST1798,Martin Morgan,58,Other,Yearly,2025-02-05,2026-01-28,9,1,0
CUST1799,Michael Scott,26,Female,Monthly,2023-10-03,2026-04-18,18,6,1
CUST1800,Kimberly Zuniga,20,Other,Monthly,2025-12-28,2026-04-15,9,5,1
CUST1801,Matthew French,44,Female,Monthly,2025-09-28,2026-04-30,3,5,0
CUST1802,Andrew Howard,29,Female,Monthly,2024-05-25,2026-02-04,41,7,0
CUST1803,Justin Tran,49,Female,Quarterly,2024-08-21,2026-03-05,40,3,1
CUST1804,Brooke Castro,18,Other,Quarterly,2026-03-11,2026-03-28,10,1,1
CUST1805,Kimberly Medina,23,Female,Monthly,2023-09-05,2026-03-17,2,2,1
CUST1806,Adam Morton,46,Female,Quarterly,2023-09-01,2026-05-07,28,3,1
CUST1807,Jesse Martin,18,Female,Monthly,2024-03-22,2026-04-05,18,8,0
CUST1808,Melanie Brown,25,Other,Yearly,2024-06-13,2026-02-02,79,10,0
CUST1809,Jorge Frank,45,Male,Monthly,2024-05-24,2026-02-27,63,4,1
CUST1810,Wendy Martin,43,Male,Quarterly,2024-07-11,2026-02-20,17,1,0
CUST1811,Wendy Russell,45,Female,Yearly,2025-07-10,2026-03-24,12,7,0
CUST1812,Kayla Dominguez,40,Male,Yearly,2024-06-15,2026-01-27,80,8,1
CUST1813,Amy Gonzalez,47,Other,Monthly,2024-09-02,2026-03-02,29,7,0
CUST1814,Daniel Kelly,22,Female,Yearly,2025-09-14,2026-04-02,11,5,0
CUST1815,Edward Mcgee,38,Male,Monthly,2024-04-17,2026-03-29,18,1,0
CUST1816,Jacob Burnett,37,Female,Quarterly,2024-05-03,2026-03-07,60,3,1
CUST1817,Sheri Diaz,27,Female,Monthly,2025-08-21,2026-02-13,51,7,0
CUST1818,Jamie Luna,24,Other,Quarterly,2025-07-04,2026-02-12,7,5,1
CUST1819,Brian Rogers,25,Other,Monthly,2025-01-16,2026-01-20,8,6,0
CUST1820,Sara Graves,35,Other,Monthly,2026-01-24,2026-03-18,61,2,0
CUST1821,Linda Pierce,47,Other,Monthly,2024-04-26,2026-03-07,68,1,1
CUST1822,Aaron Rios,19,Male,Monthly,2024-06-04,2026-03-19,63,1,1
CUST1823,David Walker,21,Male,Yearly,2025-09-09,2026-03-21,62,10,0
CUST1824,Jonathan Ryan,39,Female,Quarterly,2025-12-08,2026-02-05,33,7,1
CUST1825,Eric Lowery,43,Male,Yearly,2023-08-19,2026-04-09,77,2,1
CUST1826,Christina Adams,26,Female,Quarterly,2025-09-29,2026-03-20,37,3,0
CUST1827,Andrea Bauer,18,Male,Monthly,2023-10-15,2026-03-29,31,8,1
CUST1828,Collin Johnson,32,Female,Monthly,2023-09-09,2026-03-17,71,6,1
CUST1829,Kevin Schroeder,45,Other,Monthly,2026-03-19,2026-04-12,9,5,0
CUST1830,Michelle Macdonald,46,Female,Monthly,2024-03-07,2026-04-19,64,5,0
CUST1831,Audrey Edwards,31,Female,Yearly,2025-02-01,2026-02-26,13,2,1
CUST1832,Nancy Atkins,59,Male,Monthly,2025-01-11,2026-05-05,56,3,1
CUST1833,Timothy Silva,50,Female,Quarterly,2023-10-31,2026-02-27,38,7,0
CUST1834,William Stewart,35,Female,Monthly,2025-12-11,2026-03-01,53,5,1
CUST1835,Valerie Galvan,59,Female,Monthly,2024-11-26,2026-01-26,49,8,0
CUST1836,Michael Manning,55,Female,Monthly,2025-04-07,2026-03-02,15,1,1
CUST1837,Mr. Michael Ferguson,34,Female,Quarterly,2023-08-28,2026-04-13,67,10,0
CUST1838,Leon Landry,56,Male,Yearly,2024-08-21,2026-05-06,16,6,0
CUST1839,Michelle Andersen,41,Male,Quarterly,2024-09-14,2026-01-08,41,7,0
CUST1840,Beth Vincent,47,Male,Yearly,2024-06-20,2026-03-23,18,10,0
CUST1841,Brian Henry,55,Other,Monthly,2025-11-08,2026-02-01,78,5,0
CUST1842,Heidi Brown,28,Male,Yearly,2024-02-04,2026-04-04,68,4,1
CUST1843,Melissa Baker,46,Other,Monthly,2026-02-23,2026-05-01,40,3,0
CUST1844,Dalton Johnson,58,Male,Monthly,2025-06-05,2026-03-29,16,6,0
CUST1845,Nathan Scott,28,Other,Monthly,2024-09-08,2026-02-17,73,8,1
CUST1846,Kari Garrett,39,Female,Quarterly,2026-01-19,2026-02-02,55,5,0
CUST1847,Jesse Branch,25,Male,Monthly,2025-06-17,2026-01-29,8,7,0
CUST1848,Jeremy Brown,24,Male,Monthly,2026-02-02,2026-02-02,77,10,0
CUST1849,Sarah Schneider,19,Female,Quarterly,2023-10-26,2026-03-10,7,1,1
CUST1850,Victor Davis,37,Other,Yearly,2024-05-12,2026-03-10,54,9,0
CUST1851,Lori Byrd,56,Female,Monthly,2025-10-01,2026-03-03,4,2,1
CUST1852,Crystal Owens,37,Male,Yearly,2025-05-19,2026-01-23,53,9,0
CUST1853,Greg Kennedy,43,Male,Monthly,2024-01-13,2026-03-30,58,1,0
CUST1854,Cynthia Miller,25,Other,Quarterly,2023-12-10,2026-05-03,40,9,0
CUST1855,Joe Roberts,26,Female,Yearly,2023-10-02,2026-03-21,28,5,0
CUST1856,Robert Green,38,Male,Monthly,2024-01-19,2026-01-24,37,10,0
CUST1857,Susan Warner,60,Male,Monthly,2024-07-14,2026-03-25,17,10,1
CUST1858,Justin Russell MD,39,Male,Yearly,2024-04-09,2026-04-29,57,4,0
CUST1859,Jason Rodgers,41,Other,Yearly,2025-05-28,2026-04-01,78,8,0
CUST1860,Jasmine Ayers,60,Male,Monthly,2024-09-26,2026-04-20,50,5,1
CUST1861,Samantha Bryan,40,Other,Yearly,2026-03-01,2026-04-27,15,1,0
CUST1862,Anthony Payne,32,Male,Yearly,2023-09-15,2026-02-24,0,8,1
CUST1863,Summer Oliver,39,Other,Monthly,2025-03-02,2026-04-02,22,4,1
CUST1864,Joel Nguyen,47,Other,Quarterly,2023-09-03,2026-04-28,42,4,1
CUST1865,Seth Crawford,29,Male,Monthly,2025-12-18,2026-01-08,2,6,1
CUST1866,Kristen Bentley,31,Female,Yearly,2024-12-29,2026-04-27,61,3,1
CUST1867,Kenneth Mercer,41,Female,Monthly,2025-10-01,2026-03-16,5,1,0
CUST1868,Shawn Briggs,45,Female,Monthly,2024-08-30,2026-02-23,58,8,1
CUST1869,Gina Miller,41,Other,Quarterly,2024-05-01,2026-02-05,15,7,1
CUST1870,Michael Reed,31,Other,Quarterly,2025-10-29,2026-05-02,60,6,0
CUST1871,Julie George,59,Other,Monthly,2024-11-09,2026-04-13,17,8,0
CUST1872,Mary West,52,Male,Monthly,2025-04-29,2026-03-23,69,1,0
CUST1873,Cameron Turner,47,Other,Monthly,2024-06-26,2026-01-13,70,6,0
CUST1874,Stephanie Thomas,25,Other,Quarterly,2025-11-08,2026-05-06,11,5,0
CUST1875,Michael Aguilar,39,Male,Yearly,2025-01-21,2026-05-04,53,1,1
CUST1876,Shawn Miller,43,Female,Yearly,2024-05-30,2026-02-16,8,2,0
CUST1877,Carolyn Alvarez,18,Female,Monthly,2025-08-18,2026-03-16,52,1,0
CUST1878,Jennifer Moore,33,Male,Monthly,2023-11-07,2026-03-12,24,9,0
CUST1879,Melissa Shaw,60,Female,Monthly,2026-03-04,2026-03-28,43,6,1
CUST1880,Kyle Murillo,57,Female,Monthly,2024-06-05,2026-01-13,27,3,1
CUST1881,Johnny Murphy,59,Other,Monthly,2024-07-14,2026-02-23,72,5,0
CUST1882,Theresa Allen,22,Other,Quarterly,2025-04-06,2026-04-07,17,1,1
CUST1883,Brenda Poole,24,Female,Monthly,2025-08-26,2026-02-18,12,1,0
CUST1884,Brian Gomez,48,Male,Monthly,2025-06-10,2026-04-26,7,4,0
CUST1885,Yesenia Thomas,51,Other,Yearly,2025-10-10,2026-03-04,38,8,1
CUST1886,Anthony Snyder,30,Male,Monthly,2023-10-31,2026-04-27,73,4,0
CUST1887,Aaron Espinoza,36,Other,Monthly,2026-03-04,2026-01-20,6,10,1
CUST1888,John Garcia,26,Male,Yearly,2026-02-24,2026-05-07,46,5,0
CUST1889,Jared Lawson,54,Female,Quarterly,2024-04-27,2026-02-04,57,3,0
CUST1890,Ryan Henry,36,Male,Quarterly,2025-07-14,2026-03-21,75,4,0
CUST1891,Cathy Mccormick,45,Male,Monthly,2025-01-22,2026-03-27,64,2,0
CUST1892,Amber Braun,28,Male,Quarterly,2025-02-13,2026-02-28,62,9,0
CUST1893,Joseph Taylor Jr.,57,Other,Yearly,2025-03-22,2026-04-03,2,1,0
CUST1894,Michelle Hutchinson,19,Female,Yearly,2025-03-06,2026-02-13,7,3,0
CUST1895,Michele Alexander,31,Other,Monthly,2024-07-18,2026-02-22,62,10,1
CUST1896,Meghan Meza,21,Female,Monthly,2025-07-12,2026-03-14,1,2,1
CUST1897,Joseph Young,59,Other,Monthly,2023-11-23,2026-03-02,67,3,1
CUST1898,Corey Stewart,32,Other,Quarterly,2025-11-19,2026-04-02,65,9,0
CUST1899,Virginia Murphy,43,Other,Quarterly,2025-07-16,2026-03-10,54,3,0
CUST1900,Eric Kramer,34,Female,Quarterly,2024-10-04,2026-02-20,66,1,0
CUST1901,David Marsh,59,Male,Monthly,2024-08-24,2026-01-10,9,6,1
CUST1902,Brenda Mclaughlin,59,Female,Quarterly,2024-11-22,2026-05-05,66,2,0
CUST1903,George Rivera,54,Male,Yearly,2024-03-02,2026-04-26,54,8,1
CUST1904,Andrea Harrington,34,Female,Quarterly,2023-12-24,2026-03-18,15,8,0
CUST1905,Sheila Anderson,24,Male,Monthly,2025-02-04,2026-04-16,80,6,1
CUST1906,Angela Richard,57,Other,Yearly,2026-03-31,2026-02-23,75,9,0
CUST1907,David Kidd,29,Other,Monthly,2025-01-26,2026-03-16,70,8,1
CUST1908,Mr. Jesse Woods Jr.,35,Male,Quarterly,2023-08-28,2026-03-19,46,4,1
CUST1909,Emily Aguilar,60,Male,Quarterly,2025-04-07,2026-03-05,30,5,0
CUST1910,Savannah Mcgrath,48,Other,Yearly,2025-10-24,2026-01-25,76,3,0
CUST1911,Lisa Kirk,36,Other,Monthly,2025-01-08,2026-03-17,66,7,0
CUST1912,Lisa Barrett,39,Other,Yearly,2023-11-28,2026-04-09,14,10,0
CUST1913,William Yu,33,Female,Monthly,2024-02-08,2026-04-19,19,2,0
CUST1914,Dustin Bell,55,Other,Quarterly,2025-12-27,2026-01-22,24,1,0
CUST1915,Sharon Mayo,32,Male,Monthly,2025-11-01,2026-03-23,1,6,0
CUST1916,Blake Baker,20,Other,Monthly,2024-08-13,2026-03-25,71,6,0
CUST1917,Charles Martin,42,Other,Monthly,2023-08-23,2026-03-06,6,2,1
CUST1918,James Mosley,58,Female,Monthly,2023-11-13,2026-03-01,4,1,1
CUST1919,Eric Ramirez,45,Male,Quarterly,2025-02-20,2026-01-20,68,8,1
CUST1920,Kristen Hubbard,22,Female,Quarterly,2024-04-01,2026-02-17,60,2,1
CUST1921,Nancy Price,39,Female,Yearly,2025-10-19,2026-04-21,16,1,0
CUST1922,Christopher Burke,25,Female,Quarterly,2024-12-13,2026-04-10,9,5,0
CUST1923,Norma Sherman,41,Male,Quarterly,2026-03-21,2026-02-10,58,1,1
CUST1924,William White,60,Male,Yearly,2023-09-15,2026-02-12,17,10,0
CUST1925,Carl Hall,31,Other,Quarterly,2024-05-19,2026-02-14,28,1,1
CUST1926,Michael Moore,40,Other,Quarterly,2024-04-19,2026-03-04,62,4,1
CUST1927,Samuel Hodges,27,Other,Yearly,2023-12-04,2026-02-14,14,7,0
CUST1928,Andrea Carpenter,44,Male,Monthly,2024-01-11,2026-02-10,29,6,1
CUST1929,Lisa Johnston,50,Male,Yearly,2025-09-19,2026-01-20,48,1,1
CUST1930,Robert Cunningham,37,Female,Monthly,2025-05-14,2026-02-17,20,1,1
CUST1931,Mr. Thomas Harrington,29,Other,Quarterly,2024-09-01,2026-01-18,43,6,1
CUST1932,Lori Robles,45,Other,Quarterly,2024-01-06,2026-04-28,43,5,0
CUST1933,Don Frey,18,Female,Yearly,2025-11-16,2026-03-07,62,5,1
CUST1934,Paul Padilla,32,Male,Yearly,2024-10-15,2026-03-19,29,2,0
CUST1935,Jimmy Bauer,26,Other,Monthly,2023-09-16,2026-04-06,69,1,1
CUST1936,Donna Reynolds,35,Other,Monthly,2026-03-22,2026-01-17,2,10,1
CUST1937,Brandon Larsen,28,Other,Monthly,2024-11-20,2026-04-23,31,9,0
CUST1938,Teresa Cunningham,36,Male,Monthly,2024-03-16,2026-01-20,48,3,1
CUST1939,Natalie Klein,43,Female,Monthly,2024-06-10,2026-04-29,71,9,0
CUST1940,Taylor Horne,57,Female,Quarterly,2023-09-06,2026-03-08,61,10,0
CUST1941,Jesse Smith,23,Male,Monthly,2023-10-06,2026-05-01,38,6,1
CUST1942,Cathy Carr,51,Male,Yearly,2024-03-05,2026-04-19,56,10,0
CUST1943,Dr. Patrick Hall,28,Female,Yearly,2025-06-12,2026-05-03,25,6,0
CUST1944,Adrienne Scott,48,Other,Monthly,2023-12-23,2026-04-18,7,10,1
CUST1945,Ashley Coleman,40,Other,Monthly,2025-11-04,2026-04-22,64,2,1
CUST1946,Joshua Sullivan,31,Male,Yearly,2025-03-21,2026-02-22,48,2,1
CUST1947,Candace Davis,40,Male,Monthly,2024-04-04,2026-01-31,50,8,0
CUST1948,Matthew Brown,37,Female,Quarterly,2024-11-26,2026-04-16,13,4,1
CUST1949,Olivia Duke,47,Other,Quarterly,2023-12-06,2026-01-12,14,2,0
CUST1950,Andrew Byrd,48,Female,Monthly,2024-10-22,2026-04-25,6,9,0
CUST1951,Brenda Vasquez,31,Other,Monthly,2024-05-25,2026-04-05,70,4,0
CUST1952,Justin Dean,39,Other,Quarterly,2024-01-02,2026-02-16,17,5,0
CUST1953,Dr. Ryan Rodriguez,48,Female,Quarterly,2025-09-19,2026-04-14,67,4,0
CUST1954,Anthony Fitzpatrick,21,Male,Quarterly,2024-05-15,2026-02-23,37,2,1
CUST1955,Christopher Allen,44,Female,Monthly,2023-12-16,2026-05-06,0,8,1
CUST1956,Michelle Burnett,26,Other,Yearly,2025-12-18,2026-04-05,13,3,0
CUST1957,Maria Moore,21,Female,Monthly,2023-11-19,2026-03-29,12,9,0
CUST1958,Amanda Rowe,54,Female,Monthly,2024-11-11,2026-04-05,48,3,0
CUST1959,Jade Jefferson,37,Male,Monthly,2025-07-12,2026-03-06,35,9,0
CUST1960,Derrick Taylor,32,Male,Monthly,2024-04-02,2026-03-03,59,1,0
CUST1961,Ashley Brewer,34,Male,Quarterly,2025-09-03,2026-05-07,32,3,0
CUST1962,Allison Miller,20,Other,Yearly,2025-01-26,2026-01-31,22,3,0
CUST1963,Carolyn Lane DVM,34,Female,Monthly,2025-12-17,2026-03-23,54,9,1
CUST1964,Austin Carlson,30,Male,Monthly,2025-03-21,2026-01-23,59,7,0
CUST1965,Matthew Lawrence,54,Other,Yearly,2023-12-27,2026-03-30,9,4,1
CUST1966,Casey Reeves,31,Female,Quarterly,2025-12-27,2026-04-04,53,6,0
CUST1967,Eddie Saunders,58,Other,Quarterly,2024-08-06,2026-03-22,19,6,0
CUST1968,Madeline Harding,43,Male,Quarterly,2024-07-23,2026-03-27,44,2,1
CUST1969,Ernest Adams,23,Female,Monthly,2025-06-21,2026-04-22,60,5,0
CUST1970,Anna Jones,60,Other,Monthly,2024-06-04,2026-03-04,35,10,0
CUST1971,David May,26,Female,Yearly,2025-02-04,2026-01-10,58,9,0
CUST1972,Robert Watson,55,Other,Quarterly,2023-09-04,2026-01-21,46,8,1
CUST1973,Allen Riley Jr.,27,Female,Quarterly,2024-09-02,2026-04-09,64,1,0
CUST1974,Cheryl Harris,59,Other,Monthly,2026-01-30,2026-04-19,74,7,0
CUST1975,Jason Crawford,46,Female,Monthly,2025-08-02,2026-01-08,35,6,1
CUST1976,Jason Griffith,32,Other,Monthly,2024-01-31,2026-01-28,67,4,1
CUST1977,Anthony Grant,49,Male,Yearly,2025-06-17,2026-03-16,71,1,0
CUST1978,William Garcia,44,Male,Monthly,2026-01-12,2026-03-01,42,5,0
CUST1979,Mark Lopez,58,Female,Monthly,2023-10-19,2026-04-02,61,3,0
CUST1980,Christopher Day,37,Female,Monthly,2026-03-09,2026-04-25,27,9,0
CUST1981,Andrew Butler,31,Other,Yearly,2024-01-21,2026-04-28,80,10,0
CUST1982,Kurt Barnett,40,Male,Monthly,2025-11-23,2026-02-11,21,2,0
CUST1983,Denise Brooks,46,Male,Quarterly,2023-09-22,2026-01-15,47,5,1
CUST1984,Ricardo Sullivan,45,Male,Monthly,2024-05-21,2026-05-08,51,2,1
CUST1985,Matthew Barton,59,Female,Yearly,2025-07-11,2026-05-08,30,8,1
CUST1986,Nicholas Roberts,19,Other,Monthly,2025-02-13,2026-01-13,36,5,1
CUST1987,Jessica Webb,20,Other,Quarterly,2024-10-08,2026-04-19,33,8,0
CUST1988,Drew Spencer,33,Male,Monthly,2024-04-12,2026-04-08,14,7,0
CUST1989,Jerome Kelly,38,Other,Monthly,2023-09-23,2026-03-04,61,7,1
CUST1990,Daniel Andrews,59,Other,Monthly,2026-02-02,2026-01-14,37,7,0
CUST1991,Darrell Perkins,25,Female,Quarterly,2023-08-12,2026-01-30,20,10,0
CUST1992,Yolanda Olson,39,Male,Monthly,2025-01-31,2026-02-03,32,8,0
CUST1993,Jonathan Jordan,55,Female,Monthly,2023-10-22,2026-03-13,70,4,0
CUST1994,Peter Gonzalez,42,Other,Monthly,2025-05-27,2026-04-22,50,2,0
CUST1995,Samantha Delgado,31,Other,Monthly,2024-07-31,2026-01-09,5,5,0
CUST1996,Mrs. Tracy Robinson,45,Female,Quarterly,2024-10-02,2026-03-11,42,2,0
CUST1997,Mark Fields,24,Female,Quarterly,2024-11-08,2026-05-03,53,7,1
CUST1998,Terri Gibson,51,Other,Monthly,2025-01-02,2026-01-17,47,9,1
CUST1999,Joseph Garcia II,58,Other,Monthly,2026-03-18,2026-02-18,39,4,1
CUST2000,Gail Kane,31,Other,Quarterly,2023-11-21,2026-04-11,10,2,0
